cust_id,income,hasSavings,incomeToSavingsRatio,hasCredit,creditSpendtoLimitRatio,hasChecking,averageMonthlySpending,numTnxMonthlyAverage
1362691,26150,No,0.0,No,0.0,No,0.0,0.0
1362487,6605,Yes,-196.44198860434537,Yes,-0.0465330303030303,Yes,-114.89083333333333,4.333333333333333
1363160,18548,Yes,93716.21052631439,Yes,0.031669166666666644,No,0.0,0.0
1362752,47668,Yes,63066.81367144432,Yes,0.20055416666666667,Yes,-40.32749999999999,7.75
1362548,44554,Yes,141441.26984126985,Yes,0.1735634328358209,Yes,-494.06272727272733,9.0
1362813,15684,No,0.0,No,0.0,No,0.0,0.0
1363017,0,Yes,0.0,Yes,-0.08691818181818185,Yes,-231.61454545454546,9.0
1362609,1929,Yes,-84.4046409214092,Yes,-0.024286111111111112,Yes,-212.28666666666666,8.25
1363486,39942,No,0.0,Yes,0.0,No,0.0,0.0
1363078,9622,Yes,532.9839362563381,Yes,0.04380233333333334,Yes,-12.139090909090907,9.0
1363282,25829,No,0.0,Yes,-0.013290909090909103,Yes,-4.143333333333335,7.583333333333333
1363343,0,Yes,0.0,No,0.0,No,0.0,0.0
1362527,17622,No,0.0,No,0.0,No,0.0,0.0
1362670,8877,No,0.0,No,0.0,Yes,-215.81916666666666,8.25
1362996,23351,No,0.0,No,0.0,No,0.0,0.0
1362935,0,No,0.0,No,0.0,No,0.0,0.0
1363465,10516,Yes,7235.779816513763,No,0.0,Yes,-81.04916666666666,5.25
1363404,0,Yes,0.0,No,0.0,Yes,51.298181818181824,9.0
1362588,6354,Yes,-864.5610852265697,Yes,-0.042760833333333345,Yes,-20.43636363636364,9.0
1363200,21015,Yes,524.2082139753452,Yes,-0.019738842975206602,Yes,-205.21666666666667,11.0
1362853,26505,Yes,5191.242305540009,Yes,-0.08984017094017095,Yes,-147.76583333333332,8.25
1362792,3158,No,0.0,No,0.0,No,0.0,0.0
1363322,66930,No,0.0,No,0.0,No,0.0,0.0
1363261,19494,Yes,-1814.379896067634,Yes,-0.0692683333333333,Yes,-257.92400000000004,9.9
1363179,19334,No,0.0,No,0.0,Yes,-214.33916666666664,8.25
1363057,6493,Yes,-217.51623674854378,Yes,0.0136690909090909,No,0.0,0.0
1363444,3171,No,0.0,Yes,-0.08066250000000001,Yes,-8.82909090909092,9.0
1362649,8976,No,0.0,Yes,-0.06293,Yes,-10.421000000000015,9.9
1362567,30664,Yes,955.8028512525498,No,0.0,No,0.0,0.0
1363383,21751,No,0.0,Yes,0.08295681818181817,No,0.0,0.0
1363036,24326,No,0.0,Yes,-0.08792196969696973,Yes,-326.055,9.9
1362506,76087,No,0.0,Yes,-0.033624641148325356,No,0.0,0.0
1362832,56597,No,0.0,Yes,-0.11111111111111112,Yes,-65.41916666666667,8.25
1362975,36330,No,0.0,Yes,0.004203535353535354,Yes,2.2609090909090828,8.545454545454545
1363301,39991,Yes,10572.00192261474,No,0.0,Yes,-591.9177777777777,11.0
1362771,24344,Yes,453.6691498828277,Yes,0.0024354166666666465,Yes,-2.2411111111111097,11.0
1362893,0,Yes,0.0,No,0.0,No,0.0,0.0
1363097,21663,Yes,-2126.767151767152,Yes,-0.012736363636363627,Yes,-16.163333333333323,8.25
1363158,13148,Yes,252.903631944323,Yes,0.04706833333333334,Yes,-131.50666666666666,3.75
1362485,22690,No,0.0,Yes,-0.05766893939393942,Yes,-16.428999999999995,9.9
1362546,10025,Yes,299.41873822542846,Yes,0.03125972222222223,Yes,-214.36166666666668,8.25
1362954,43317,No,0.0,Yes,-0.015719487179487172,Yes,-433.5416666666667,8.25
1363015,24545,Yes,51135.41666666667,No,0.0,Yes,-5.874166666666672,8.25
1363219,18036,No,0.0,Yes,-0.060715,Yes,-358.19,8.25
1363484,10244,No,0.0,Yes,0.047113999999999996,Yes,-215.26454545454544,9.0
1362811,8011,No,0.0,Yes,-0.07259416666666665,Yes,-211.01454545454544,9.0
1362607,24450,No,0.0,Yes,0.02645601965601965,Yes,-13.886666666666676,11.0
1363280,7571,Yes,172.13773241713824,Yes,-0.05560083333333333,Yes,-0.45583333333333087,8.25
1362872,17099,No,0.0,Yes,-0.053502499999999995,No,0.0,0.0
1363076,47083,No,0.0,Yes,0.07973226632522408,Yes,-70.95666666666669,8.25
1362729,0,Yes,0.0,No,0.0,No,0.0,0.0
1362668,0,Yes,0.0,No,0.0,No,0.0,0.0
1363198,60104,No,0.0,No,0.0,No,0.0,0.0
1362933,19823,Yes,-1655.2666109984493,Yes,-0.003969090909090916,Yes,8.000000000000005,8.25
1362586,24476,No,0.0,Yes,-0.04461351351351351,Yes,46.829999999999956,49.5
1363402,24368,No,0.0,Yes,0.0071541666666666715,Yes,-273.735,8.25
1363055,34473,No,0.0,No,0.0,No,0.0,0.0
1362525,6300,Yes,8475.336322869962,Yes,0.054257222222222214,Yes,-13.410833333333336,8.25
1362851,51608,No,0.0,No,0.0,Yes,-535.3291666666667,8.25
1363259,7335,No,0.0,Yes,0.004306666666666672,No,0.0,0.0
1362912,29064,No,0.0,Yes,0.0013155555555555592,Yes,-17.8988888888889,11.0
1362504,0,No,0.0,No,0.0,No,0.0,0.0
1362708,15246,Yes,-514.4722744796984,Yes,-0.04955666666666665,Yes,3.8641666666666725,8.25
1362973,17242,Yes,1454.3828868344692,Yes,-0.01969805555555556,Yes,-158.76833333333335,8.25
1363442,144157,No,0.0,No,0.0,Yes,-58.03333333333328,8.25
1362769,27885,No,0.0,Yes,-0.03591493506493507,No,0.0,0.0
1362565,27492,Yes,973.1994593550879,Yes,-0.028166666666666673,Yes,-456.8341666666667,8.25
1363238,5788,Yes,24116.666666666668,No,0.0,No,0.0,0.0
1362891,0,Yes,0.0,No,0.0,No,0.0,0.0
1362830,10933,Yes,-1081.4045499505442,Yes,0.05669181818181817,Yes,34.515,8.25
1363217,15724,No,0.0,Yes,-0.00758861111111112,Yes,-212.34666666666666,8.25
1362626,15993,No,0.0,No,0.0,No,0.0,0.0
1363013,4435,No,0.0,Yes,-0.006377499999999993,Yes,-29.675555555555555,11.0
1363095,12396,Yes,-285.15003322712016,No,0.0,Yes,-105.478,8.2
1363482,9129,Yes,826.3804690714578,Yes,0.08185090909090909,No,0.0,0.0
1362687,7431,Yes,409.30873037730646,Yes,-0.04381545454545456,Yes,4.974545454545463,9.0
1362605,16957,Yes,11267.109634551496,Yes,-0.021055000000000008,Yes,-20.68916666666667,7.0
1362952,7633,Yes,26320.689655172417,Yes,0.07156636363636364,Yes,-49.67666666666667,5.416666666666667
1363339,0,Yes,0.0,No,0.0,No,0.0,0.0
1363421,1982,Yes,10467.120954003349,Yes,0.05952972222222221,Yes,-155.0890909090909,9.0
1362727,81509,Yes,7198.3220488666475,Yes,0.12098231707317074,Yes,-55.487999999999964,9.9
1362809,25180,Yes,74058.82352941176,Yes,0.1335115789473684,Yes,-169.92749999999998,8.25
1363196,35502,No,0.0,Yes,-0.013514351851851845,Yes,5.920000000000012,9.0
1362666,0,Yes,-0.0,No,0.0,No,0.0,0.0
1363461,23108,No,0.0,Yes,0.0014031168831168796,Yes,-160.04166666666666,8.25
1363135,18350,Yes,13694.029850746268,Yes,0.08979424242424242,No,0.0,0.0
1362584,12885,Yes,-10111.983096891037,Yes,-0.09953799999999999,Yes,-8.838333333333344,8.25
1362931,39704,No,0.0,No,0.0,Yes,-443.4881818181819,9.0
1363053,55061,No,0.0,Yes,-0.027324107142857147,No,0.0,0.0
1363400,49258,Yes,-6106.411245994434,Yes,0.014531418918918917,Yes,169.3244444444445,11.0
1363318,7751,No,0.0,No,0.0,Yes,-1.2840000000000031,9.9
1362523,0,Yes,-0.0,No,0.0,No,0.0,0.0
1362706,0,No,0.0,No,0.0,No,0.0,0.0
1362992,24534,No,0.0,No,0.0,Yes,-24.216363636363635,9.0
1363175,0,No,0.0,Yes,0.017539333333333334,Yes,-32.69699999999998,9.9
1363257,31910,Yes,1771.2260626374327,Yes,-0.03732083333333333,No,0.0,0.0
1362767,0,Yes,0.0,Yes,-0.022936363636363637,Yes,-3.8436363636363664,9.0
1362849,22001,No,0.0,Yes,0.0421575757575758,Yes,-16.987999999999996,9.9
1362563,14711,No,0.0,Yes,-0.08905636363636364,Yes,-59.4922222222222,11.0
1362645,57194,No,0.0,Yes,0.06667327586206896,Yes,58.98363636363638,9.0
1362624,28867,Yes,1131.1179431533892,Yes,-0.04156785714285714,No,0.0,0.0
1362502,15530,Yes,727.0135120757527,No,0.0,No,0.0,0.0
1362481,20855,No,0.0,No,0.0,No,0.0,0.0
1362971,31040,No,0.0,Yes,-0.090735625,Yes,-265.03999999999996,8.25
1362746,8810,Yes,425.1370914674271,Yes,0.007582500000000001,Yes,-12.401818181818191,9.0
1363236,23206,Yes,1578.8826414028604,Yes,0.06444209770114942,Yes,-265.8954545454545,9.0
1363215,57723,Yes,849.853053597214,Yes,0.07062758620689655,Yes,-252.15750000000003,2.1666666666666665
1362828,3994,No,0.0,Yes,-0.06291818181818182,No,0.0,0.0
1363011,90248,Yes,-42237.75351014043,Yes,0.06920499999999999,Yes,-926.2591666666667,8.25
1363297,9351,No,0.0,Yes,0.06811181818181816,Yes,-24.0425,8.25
1363480,8038,No,0.0,No,0.0,Yes,-185.3109090909091,9.0
1363093,1039,Yes,-155.1656088324711,Yes,-0.056643636363636354,Yes,87.84272727272729,9.0
1363072,7495,No,0.0,No,0.0,No,0.0,0.0
1362685,34080,Yes,608.5583880345421,Yes,-0.061506417112299455,Yes,5.5483333333333364,8.25
1362868,14877,No,0.0,Yes,-0.025743000000000002,Yes,28.64166666666667,8.25
1363154,2925,No,0.0,No,0.0,Yes,-9.986363636363635,9.0
1363337,84335,Yes,466.28894322675706,No,0.0,Yes,-664.8554545454546,9.0
1362950,11935,Yes,282.57756832326146,Yes,-0.007634285714285713,Yes,-0.75,1.0
1362929,83295,Yes,8966.385046972864,Yes,-0.10669232804232802,Yes,-83.08,8.25
1362542,43900,Yes,1089.6524071828849,Yes,0.17074924242424244,Yes,-260.51454545454544,4.818181818181818
1362725,68933,Yes,-1255.4854626134181,Yes,-0.01536885113268608,Yes,-317.22,8.25
1363276,16422,Yes,588.3289772588485,No,0.0,No,0.0,0.0
1363194,24275,Yes,1287.1680874495248,Yes,0.10692256944444443,No,0.0,0.0
1362664,30676,No,0.0,Yes,-0.018590760869565216,Yes,-121.44083333333337,8.25
1363051,0,No,0.0,No,0.0,No,0.0,0.0
1363133,12823,Yes,296.3615553085414,Yes,0.5586300000000001,Yes,-138.9825,3.4166666666666665
1362643,6356,Yes,300.9302066506991,Yes,0.05524777777777778,Yes,-202.10166666666666,4.583333333333333
1363398,13811,No,0.0,Yes,-0.07459666666666666,Yes,-206.92749999999998,8.25
1363377,5488,Yes,117.06884193999798,Yes,-0.013236111111111113,Yes,-215.38833333333335,8.25
1362990,0,Yes,0.0,Yes,-0.01665166666666667,Yes,-199.9327272727273,9.0
1363173,27649,Yes,-965.6870571799218,Yes,-0.0563642857142857,Yes,-0.1322222222222212,11.0
1363459,11944,No,0.0,Yes,-0.1110788888888889,No,0.0,0.0
1362765,2769,Yes,57.205543297716744,Yes,-0.006961666666666683,Yes,-149.58833333333334,8.25
1363255,17559,No,0.0,No,0.0,Yes,-26.84555555555557,11.0
1363234,12202,Yes,376.1937182863382,Yes,-0.1111111111111111,Yes,-28.18416666666667,8.25
1363316,18144,Yes,1225.078773069256,Yes,-0.006905833333333331,Yes,69.26416666666667,8.25
1362622,34797,Yes,258.0132605565416,Yes,0.0344215034965035,Yes,-317.63750000000005,8.25
1363112,13295,No,0.0,Yes,0.12638428571428573,Yes,-139.47333333333333,8.25
1363091,0,Yes,0.0,No,0.0,No,0.0,0.0
1362500,56708,Yes,135827.54491017965,No,0.0,Yes,97.99833333333333,3.0
1362887,79057,Yes,516.8489497497977,No,0.0,Yes,94.72909090909094,9.0
1362969,75121,Yes,762.4481683142147,Yes,-0.020253508771929832,No,0.0,0.0
1363356,12258,Yes,-2676.6140184875176,Yes,-0.039759166666666665,Yes,-221.65666666666667,8.25
1363438,2644,Yes,-1385.931687521137,Yes,0.011343030303030308,Yes,11.680000000000001,9.9
1362948,28864,No,0.0,Yes,0.038566666666666666,Yes,-262.83416666666665,8.25
1362826,0,Yes,0.0,No,0.0,No,0.0,0.0
1362744,3618,Yes,106.17723156532988,Yes,-0.02909583333333333,Yes,-1.207272727272735,9.0
1363295,4391,Yes,1151.4860139860127,Yes,0.010320000000000003,Yes,-21.382222222222225,6.111111111111111
1363213,38010,Yes,105583.33333333331,Yes,-0.046944019138755975,No,0.0,0.0
1362683,44288,No,0.0,Yes,-0.029062878787878783,No,0.0,0.0
1363070,5808,Yes,2233.1304069208586,Yes,-0.011049090909090911,Yes,11.964999999999993,2.375
1362540,49731,No,0.0,No,0.0,Yes,-758.6258333333334,8.25
1363335,2807,No,0.0,Yes,-0.0539175,Yes,-9.262727272727263,9.0
1363009,95585,No,0.0,No,0.0,Yes,-286.5916666666667,3.75
1362927,15795,No,0.0,No,0.0,No,0.0,0.0
1362805,4626,Yes,1709.692321907052,Yes,-0.001094999999999999,Yes,-20.368333333333343,8.25
1363192,10151,No,0.0,Yes,-0.047947272727272734,Yes,-115.76363636363635,9.0
1362662,4604,No,0.0,No,0.0,Yes,-228.30545454545455,9.0
1362784,55678,No,0.0,Yes,0.0031553571428571425,Yes,-577.679090909091,9.0
1362723,40898,No,0.0,No,0.0,No,0.0,0.0
1363253,39291,Yes,2049.8315327261266,Yes,-0.009949166666666676,Yes,-318.98833333333334,8.25
1363457,86744,Yes,1129.1501112646984,Yes,-0.008730833333333328,Yes,-909.7266666666666,8.25
1362641,3419,Yes,19090.862944162436,Yes,0.011173333333333332,Yes,-94.84250000000002,4.333333333333333
1362580,29363,Yes,-2018.8684805028977,Yes,-0.051721212121212126,Yes,-31.476363636363633,9.0
1362906,36675,No,0.0,No,0.0,No,0.0,0.0
1362845,73785,No,0.0,Yes,0.09434963144963145,No,0.0,0.0
1363375,11004,No,0.0,No,0.0,Yes,-9.906363636363634,9.0
1363314,11375,No,0.0,Yes,0.05707138888888891,Yes,-150.75583333333336,8.25
1362498,9849,Yes,3441.7006406523005,No,0.0,Yes,-6.110999999999995,5.7
1362702,19789,Yes,-865.2189754426875,No,0.0,Yes,11.074000000000002,9.9
1362763,21198,No,0.0,Yes,-0.013223140495867768,Yes,-24.789999999999996,6.666666666666667
1363171,36873,No,0.0,Yes,-0.0074805555555555545,Yes,-417.04749999999996,8.25
1363232,9614,No,0.0,Yes,-0.10901,No,0.0,0.0
1362967,5022,No,0.0,No,0.0,Yes,8.422500000000008,8.25
1362620,29995,No,0.0,No,0.0,Yes,-399.053,9.9
1363436,6105,No,0.0,No,0.0,Yes,-18.68666666666667,11.0
1363089,30500,No,0.0,No,0.0,No,0.0,0.0
1362824,69432,No,0.0,Yes,0.08735104895104895,Yes,-85.979,9.9
1363354,12621,Yes,521.6367017978921,Yes,0.0028741666666666703,Yes,-99.636,9.9
1362681,30224,Yes,2871.9979994998735,No,0.0,No,0.0,0.0
1362742,18785,Yes,546.7946496638714,Yes,0.106995,Yes,-7.0633333333333335,2.4166666666666665
1363150,0,Yes,0.0,No,0.0,No,0.0,0.0
1363211,44472,No,0.0,Yes,0.07451239669421486,No,0.0,0.0
1363415,0,No,0.0,No,0.0,Yes,-224.7033333333333,8.25
1363068,57612,No,0.0,Yes,0.06857931034482759,No,0.0,0.0
1363007,22437,No,0.0,No,0.0,No,0.0,0.0
1362925,15077,Yes,460.10494460315175,Yes,-0.02443083333333334,No,0.0,0.0
1363476,9916,No,0.0,No,0.0,No,0.0,0.0
1363394,12722,Yes,10567.795527156552,Yes,-0.11905500000000001,No,0.0,0.0
1363272,22758,Yes,1667.3138210190853,Yes,-0.029650588235294116,Yes,-16.052727272727278,9.0
1362782,29579,Yes,5296.37619372442,Yes,-0.04777277777777775,Yes,-10.85333333333331,8.25
1362864,17612,Yes,80054.54545454546,No,0.0,Yes,29.30545454545455,5.7272727272727275
1363251,18597,Yes,13168.348380244288,No,0.0,Yes,-186.7445454545455,9.0
1363333,16865,Yes,556.5914753881949,No,0.0,Yes,-21.663999999999998,9.9
1363047,14891,Yes,972.9147005444648,No,0.0,No,0.0,0.0
1363129,10430,No,0.0,Yes,-0.008888333333333331,Yes,-213.77083333333334,8.25
1362639,0,No,0.0,No,0.0,No,0.0,0.0
1362721,7777,Yes,-1762.8998404835863,Yes,-0.11021777777777776,No,0.0,0.0
1363108,27814,Yes,4369.522993430449,Yes,0.04335416666666666,Yes,-1.25,1.6666666666666667
1362986,41650,Yes,-1376.2528912875866,Yes,-0.07609285714285714,Yes,-98.3266666666667,3.0
1362904,18891,Yes,75564.0,Yes,0.02550727272727273,Yes,14.638333333333323,8.25
1363455,37471,Yes,158156.8181818182,Yes,-0.15455297619047617,No,0.0,0.0
1362496,0,Yes,0.0,No,0.0,No,0.0,0.0
1362578,0,Yes,0.0,Yes,-0.017149090909090912,Yes,-200.78583333333336,8.25
1362965,28402,No,0.0,No,0.0,No,0.0,0.0
1362843,27303,Yes,-11471.848739495787,No,0.0,Yes,14.418181818181809,9.0
1362761,13515,Yes,-1138.9444854103021,Yes,0.1999675,Yes,-211.6775,5.5
1363312,29335,No,0.0,Yes,-0.09904136363636364,No,0.0,0.0
1363230,5940,No,0.0,No,0.0,Yes,-172.42833333333337,8.25
1362700,6195,Yes,15884.615384615387,Yes,0.03186999999999999,Yes,147.01,2.25
1362822,13750,Yes,2048.2758620689656,Yes,-0.14285714285714285,Yes,-178.15363636363637,9.0
1363169,13113,Yes,69015.7894736842,Yes,0.5831999999999999,Yes,-15.363636363636362,4.2727272727272725
1362618,84120,No,0.0,No,0.0,No,0.0,0.0
1363434,41069,Yes,239.6490496832277,No,0.0,Yes,-443.4816666666666,8.25
1363087,3400,No,0.0,Yes,-0.07367545454545454,Yes,-24.15166666666666,8.25
1362557,19282,Yes,-950.214605919944,Yes,-0.16666666666666666,Yes,-166.48,8.25
1363352,5772,Yes,158.42692928427917,Yes,-0.014440000000000017,Yes,-219.55999999999997,49.5
1363026,49435,No,0.0,Yes,-0.026786333333333346,Yes,178.79,9.0
1363413,9146,No,0.0,No,0.0,Yes,-0.8299999999999983,8.25
1363495,19639,Yes,1530.9744478129062,No,0.0,Yes,-269.6455555555556,11.0
1363209,32739,Yes,697.2982915857209,Yes,0.00955056818181819,Yes,-31.39083333333335,8.25
1363291,34855,Yes,2391.360565758919,Yes,-0.08670069930069929,Yes,-319.9941666666667,8.25
1362801,12485,No,0.0,Yes,0.04564249999999999,Yes,-33.166666666666664,7.416666666666667
1362883,12403,Yes,-583.6388974354333,Yes,-0.07951583333333333,No,0.0,0.0
1363270,0,Yes,-0.0,No,0.0,Yes,-19.90300000000001,9.9
1363148,32551,No,0.0,No,0.0,No,0.0,0.0
1363066,3240,No,0.0,No,0.0,Yes,-27.198181818181812,6.363636363636363
1362740,2715,Yes,18100.0,Yes,0.014497500000000002,Yes,-61.376363636363614,7.0
1362658,45629,Yes,153805.6179775281,Yes,0.11057892156862745,Yes,-219.56583333333333,2.1666666666666665
1363005,6144,No,0.0,No,0.0,No,0.0,0.0
1363127,0,Yes,0.0,Yes,0.06644,No,0.0,0.0
1363474,3339,Yes,-148.52259007434708,Yes,-0.06117545454545455,Yes,-220.82666666666668,8.25
1362923,0,No,0.0,No,0.0,No,0.0,0.0
1362597,12106,No,0.0,Yes,0.04878000000000001,Yes,-192.42363636363635,9.0
1363392,0,Yes,0.0,Yes,-0.0011974999999999987,Yes,-219.66833333333332,8.25
1362862,0,No,0.0,No,0.0,No,0.0,0.0
1363249,61885,No,0.0,Yes,-0.0021543010752688198,Yes,192.719,9.9
1363331,31054,Yes,-5945.000926326192,Yes,0.0579857905982906,Yes,-112.34750000000001,8.25
1362637,23973,Yes,-1503.9026645095255,Yes,-0.10473240740740743,Yes,-24.735999999999997,9.9
1362719,23843,No,0.0,No,0.0,No,0.0,0.0
1363371,3551,Yes,-172.5353437196326,No,0.0,Yes,-227.79666666666665,8.25
1363453,12728,No,0.0,No,0.0,Yes,-30.995714285714282,2.2857142857142856
1362963,4508,No,0.0,No,0.0,Yes,-16.527499999999996,8.25
1362902,18760,Yes,355.9382639471667,Yes,-0.005805833333333335,Yes,-0.4354545454545525,9.0
1363228,36237,Yes,708.2034494552206,No,0.0,Yes,-12.409999999999997,8.25
1362698,49623,Yes,779.4168575741091,Yes,0.0010566666666666682,Yes,-512.2783333333333,8.25
1362820,129196,No,0.0,Yes,0.006437051282051266,Yes,-1388.663,9.9
1363167,39703,Yes,30533.192756139957,No,0.0,Yes,-451.6233333333333,8.25
1363289,19300,No,0.0,No,0.0,No,0.0,0.0
1362759,27258,Yes,-8054.369505798923,Yes,0.029967857142857133,Yes,-38.968181818181804,9.0
1363085,25681,No,0.0,No,0.0,No,0.0,0.0
1362555,26598,Yes,-6344.186046511628,No,0.0,Yes,27.688333333333322,8.25
1362677,11812,No,0.0,No,0.0,Yes,22.922500000000003,8.25
1363493,30068,Yes,2568.4125342804477,No,0.0,Yes,-339.1616666666667,8.25
1362942,17165,No,0.0,No,0.0,No,0.0,0.0
1362881,12690,Yes,-1266.2564443705303,Yes,0.004800833333333316,Yes,-31.91909090909091,9.0
1363268,35508,Yes,-2898.066298342542,Yes,0.02436944444444445,Yes,75.14999999999999,8.25
1363146,8381,No,0.0,Yes,0.9382033333333334,No,0.0,0.0
1362656,17584,Yes,2698.5662937684265,Yes,0.0417125,No,0.0,0.0
1363207,10919,No,0.0,Yes,0.014925833333333364,No,0.0,0.0
1363390,12973,Yes,1091.084945332212,Yes,-0.05071972222222222,Yes,-189.20000000000002,8.25
1363003,7968,No,0.0,No,0.0,Yes,2.1845454545454377,9.0
1362513,28058,Yes,-19536.904124263525,No,0.0,Yes,56.41714285714287,5.428571428571429
1362595,29241,No,0.0,No,0.0,Yes,-330.78666666666663,8.25
1362982,0,Yes,0.0,No,0.0,No,0.0,0.0
1363064,0,Yes,0.0,No,0.0,No,0.0,0.0
1363247,19686,Yes,12606.798029556667,Yes,-0.07403083333333334,Yes,18.535000000000007,8.25
1362860,0,Yes,-0.0,No,0.0,No,0.0,0.0
1362839,43315,Yes,-2155.6677622370366,Yes,0.0008255128205128218,Yes,-804.7854545454545,9.0
1362921,19987,No,0.0,Yes,0.1077952380952381,Yes,-22.169999999999998,5.75
1362492,40252,No,0.0,Yes,-0.10907000000000001,Yes,-410.7654545454545,9.0
1362717,0,Yes,0.0,Yes,-0.11105000000000001,Yes,-5.312499999999996,8.25
1362961,5505,No,0.0,Yes,-0.043353333333333306,Yes,-177.35416666666666,8.25
1363186,0,No,0.0,No,0.0,No,0.0,0.0
1363287,18449,No,0.0,Yes,-0.011826363636363635,No,0.0,0.0
1362574,26763,No,0.0,Yes,-0.08333333333333333,No,0.0,0.0
1363083,22680,Yes,1416.7858942065493,Yes,-0.06979318181818181,Yes,185.35909090909092,9.0
1363043,20840,Yes,875.8142466904811,Yes,-0.03853416666666669,Yes,-309.74083333333334,8.25
1362675,10608,Yes,3014.859926918393,Yes,-0.05592,Yes,-65.26416666666667,3.5833333333333335
1363308,27155,Yes,515.7006027578235,Yes,0.05722951219512195,Yes,7.103333333333333,1.0833333333333333
1362940,0,Yes,0.0,Yes,0.0029981818181818174,No,0.0,0.0
1363165,15301,Yes,-1554.1899441340784,Yes,-0.011470833333333336,Yes,-179.025,8.25
1363409,9379,No,0.0,Yes,0.0755354545454545,No,0.0,0.0
1363022,26364,Yes,155082.35294117645,Yes,-0.011759791666666665,Yes,87.258,1.5
1362797,17912,No,0.0,Yes,0.0026350000000000063,No,0.0,0.0
1363491,0,Yes,-0.0,No,0.0,No,0.0,0.0
1363266,20889,No,0.0,Yes,-0.09042272727272727,Yes,-256.18454545454546,9.0
1362614,18040,Yes,517.6173533800069,No,0.0,No,0.0,0.0
1362858,60242,Yes,-2493.202276254526,Yes,-0.0065574074074073955,Yes,-17.29545454545455,9.0
1362879,0,Yes,0.0,No,0.0,No,0.0,0.0
1362654,0,Yes,-0.0,No,0.0,No,0.0,0.0
1363348,36259,Yes,1396.4333855208852,Yes,-0.06945185185185185,Yes,-284.8691666666667,8.25
1363123,56384,No,0.0,Yes,-0.018743750000000007,Yes,-576.1058333333334,8.25
1362736,20358,Yes,7535.348550277607,Yes,0.04551333333333332,Yes,-63.990833333333335,4.25
1363388,76376,No,0.0,No,0.0,No,0.0,0.0
1363205,0,Yes,0.0,Yes,0.0673930303030303,Yes,-170.3542857142857,2.2857142857142856
1362511,2517,Yes,215.88009520337934,Yes,-0.030164333333333338,Yes,-16.12636363636365,9.0
1363470,18390,No,0.0,Yes,-0.09825939999999998,Yes,-189.87,8.25
1362980,8201,Yes,4188.457609805926,Yes,-0.03361666666666667,Yes,-241.87727272727273,9.0
1362593,11725,No,0.0,Yes,-0.017773333333333325,Yes,-328.96,8.25
1363449,30265,No,0.0,Yes,0.02238242424242428,Yes,112.87454545454547,9.0
1363327,12310,Yes,3092.9648241206037,Yes,-0.08726030303030304,Yes,-215.76000000000002,9.0
1362837,22322,Yes,1481.8896383238614,Yes,-0.10898585858585859,Yes,-206.1118181818182,9.0
1362919,4300,Yes,10886.075949367088,No,0.0,No,0.0,0.0
1363306,15576,Yes,976.848067974914,Yes,-0.011450000000000009,Yes,-9.984999999999998,8.25
1362715,17750,Yes,4805.768098881695,Yes,-0.013226111111111105,Yes,-211.2709090909091,9.0
1363102,18183,No,0.0,Yes,-0.14285714285714285,No,0.0,0.0
1363184,19840,No,0.0,Yes,-0.14270857142857143,Yes,-62.207499999999996,6.0
1362694,29838,No,0.0,Yes,-0.007033888888888871,Yes,-354.4509090909091,9.0
1362776,27269,No,0.0,No,0.0,Yes,-225.0325,8.25
1362959,77727,No,0.0,Yes,0.08524708624708625,Yes,334.23727272727274,9.0
1362572,0,Yes,0.0,Yes,0.001219166666666671,Yes,-21.99909090909091,9.0
1363428,8301,No,0.0,No,0.0,Yes,-86.938,9.9
1362633,10818,Yes,-6187.2968091511075,Yes,-0.05844999999999999,Yes,-362.7918181818182,9.0
1362551,23085,No,0.0,No,0.0,Yes,187.91666666666669,8.777777777777779
1362898,12449,No,0.0,No,0.0,Yes,-11.474999999999994,8.25
1362816,11918,No,0.0,Yes,-0.04748027777777779,Yes,-346.1116666666667,8.25
1363081,41876,Yes,1990.7998098385895,Yes,0.10634464285714286,Yes,7.906999999999998,4.5
1363142,40671,Yes,81206.65557404325,Yes,-0.01681827094474153,Yes,-46.72666666666668,8.25
1362877,9480,Yes,984.6715558213463,Yes,-0.0012041666666666704,Yes,46.544545454545464,9.0
1362530,39250,Yes,3086.158405661234,Yes,-0.056050000000000016,Yes,-481.7427272727273,9.0
1363346,35237,Yes,85943.9024390244,No,0.0,Yes,-261.5308333333333,7.583333333333333
1362999,29403,No,0.0,Yes,0.021530492424242424,Yes,-371.4218181818182,9.0
1362938,0,No,0.0,Yes,0.02818722222222222,Yes,-188.265,8.25
1363468,36923,Yes,3504.1497650354363,Yes,-0.125,No,0.0,0.0
1362734,33010,Yes,60489.52879581152,No,0.0,Yes,-9.594999999999999,2.0
1363264,0,Yes,-0.0,Yes,-0.07896500000000002,Yes,-16.016363636363636,9.0
1363203,82612,Yes,6457.97260059802,No,0.0,Yes,-3.282727272727243,9.0
1363121,0,Yes,0.0,No,0.0,No,0.0,0.0
1362591,26936,No,0.0,Yes,-0.011554374999999995,Yes,-205.8375,8.25
1362713,31297,Yes,53960.34482758621,No,0.0,Yes,-30.638333333333335,2.6666666666666665
1363060,48479,Yes,1329.2496311480757,Yes,0.0020784722222222224,Yes,-533.3208333333333,8.25
1362509,3093,Yes,700.068428255606,Yes,0.025265000000000006,Yes,-19.14555555555556,11.0
1362652,20745,No,0.0,No,0.0,Yes,-24.008333333333336,8.25
1362978,33060,Yes,-6319.713261648745,Yes,0.012727833333333327,Yes,-563.0475,8.25
1362917,45464,No,0.0,Yes,-1.0,Yes,-36.566363636363626,9.0
1363447,17052,Yes,913.6757068667051,Yes,-0.12357875,Yes,-184.42916666666667,8.25
1363386,12033,No,0.0,No,0.0,No,0.0,0.0
1362570,20562,Yes,94537.93103448275,No,0.0,No,0.0,0.0
1363182,101177,Yes,-1104.2463878837743,Yes,-0.07862271241830066,No,0.0,0.0
1362835,9099,Yes,3561.252446183953,Yes,0.017554000000000004,Yes,9.242500000000007,2.75
1363243,16579,Yes,625.1646962269593,Yes,0.07752416666666669,Yes,-157.7625,8.25
1363304,14780,No,0.0,No,0.0,Yes,-21.85,9.9
1363039,0,No,0.0,No,0.0,No,0.0,0.0
1362692,0,No,0.0,No,0.0,No,0.0,0.0
1362631,34394,Yes,52046.40605296342,Yes,0.003385664335664341,Yes,-373.21250000000003,7.083333333333333
1363161,12560,No,0.0,No,0.0,Yes,-218.02166666666668,8.25
1363100,12599,No,0.0,No,0.0,Yes,-209.56916666666666,8.25
1363426,37186,No,0.0,Yes,0.04376403508771929,Yes,-110.8825,3.3333333333333335
1362896,44758,No,0.0,No,0.0,Yes,-451.44083333333333,8.25
1362549,0,Yes,0.0,Yes,0.007448333333333342,No,0.0,0.0
1363365,41261,No,0.0,Yes,-0.09695285714285715,Yes,-467.746,9.9
1363018,46884,Yes,-935.656642510571,Yes,-0.025004743083003947,Yes,168.06142857142862,14.142857142857142
1362488,7083,No,0.0,No,0.0,Yes,-342.71000000000004,8.25
1362814,0,No,0.0,Yes,-0.12020499999999999,Yes,48.074285714285715,14.142857142857142
1362753,13352,No,0.0,Yes,-0.013651818181818182,Yes,-9.480833333333335,5.416666666666667
1363283,22995,Yes,-2675.3107586798114,Yes,-0.08368347107438018,Yes,-9.38454545454544,9.0
1363222,5456,No,0.0,Yes,-0.07425750000000002,Yes,649.9599999999999,99.0
1362875,8681,Yes,568.3585346843337,Yes,0.005301111111111109,Yes,93.44545454545455,9.0
1363487,0,No,0.0,No,0.0,No,0.0,0.0
1362671,22783,Yes,-12612.306600425836,Yes,-0.16455454545454545,No,0.0,0.0
1362610,9602,No,0.0,Yes,0.016857272727272755,No,0.0,0.0
1363140,20684,Yes,680.7478575678174,Yes,-0.04734833333333333,Yes,-21.558181818181822,5.545454545454546
1363079,25426,No,0.0,No,0.0,No,0.0,0.0
1362528,6618,Yes,27799.18699187015,Yes,0.0011644444444444402,Yes,-131.36909090909091,9.0
1363344,13124,Yes,2163.445291572224,Yes,-0.02066749999999999,Yes,-7.4600000000000035,8.25
1362997,0,Yes,0.0,Yes,0.02866416666666667,Yes,-0.6645454545454638,6.0
1362936,8575,Yes,4534.158206429784,Yes,-0.02074454545454546,Yes,-5.367500000000002,8.25
1363466,0,Yes,0.0,No,0.0,No,0.0,0.0
1363405,26583,No,0.0,No,0.0,Yes,8.868333333333338,8.25
1362589,30674,Yes,1594.2050640723714,No,0.0,No,0.0,0.0
1363201,8038,Yes,-7193.54085603113,Yes,-0.125,Yes,-59.611428571428554,2.4285714285714284
1362854,0,No,0.0,No,0.0,No,0.0,0.0
1362793,29120,Yes,-1348.1961608319386,Yes,0.024775555555555558,Yes,-284.00333333333333,8.25
1363323,57882,No,0.0,Yes,0.05218649425287356,Yes,-910.1208333333333,8.25
1363262,49631,Yes,398.72312040645915,No,0.0,Yes,-38.47000000000003,19.8
1362711,12994,Yes,-1899.1934174200187,No,0.0,Yes,39.809999999999995,19.8
1363058,6355,No,0.0,No,0.0,Yes,-238.51272727272726,9.0
1363180,0,Yes,-0.0,No,0.0,No,0.0,0.0
1362650,17804,Yes,-104729.4117647053,Yes,-0.16666666666666666,No,0.0,0.0
1362976,20179,Yes,-8973.945713847574,No,0.0,No,0.0,0.0
1363384,54647,Yes,463.1494194423256,Yes,0.044835060975609756,Yes,-614.6966666666666,8.25
1363445,5918,Yes,-965.5684210526318,No,0.0,No,0.0,0.0
1362507,0,No,0.0,No,0.0,Yes,68.2381818181818,9.0
1362568,0,Yes,0.0,No,0.0,Yes,-337.6933333333333,8.25
1362772,12456,No,0.0,No,0.0,Yes,-343.1075,8.25
1363037,8257,Yes,118.32835581338023,Yes,-0.2,Yes,-199.86666666666665,8.25
1363241,30217,Yes,1031.4841849148418,Yes,-0.05639055555555554,Yes,-46.04200000000001,9.9
1363302,50704,No,0.0,Yes,0.0918985,Yes,-147.578,9.9
1363098,21909,No,0.0,No,0.0,Yes,-238.0716666666667,8.25
1362894,59542,Yes,-1008.5881256881512,Yes,-0.013260416666666667,No,0.0,0.0
1362486,10701,Yes,-1590.1390870185448,No,0.0,Yes,-78.34333333333333,2.0833333333333335
1362690,24131,Yes,-2936.438615467821,Yes,-0.06659097222222223,Yes,-252.5566666666667,8.25
1362955,15746,Yes,980.9748866785538,No,0.0,No,0.0,0.0
1363159,11029,No,0.0,Yes,0.08015333333333333,Yes,-25.904166666666672,5.666666666666667
1363077,0,No,0.0,No,0.0,No,0.0,0.0
1362547,30413,No,0.0,Yes,-0.01744683794466403,No,0.0,0.0
1362669,0,Yes,0.0,No,0.0,No,0.0,0.0
1363016,41317,No,0.0,Yes,0.0011513440860215097,No,0.0,0.0
1362934,11074,No,0.0,No,0.0,No,0.0,0.0
1363485,19863,Yes,100998.30508474575,Yes,0.09150028571428573,No,0.0,0.0
1363403,37364,Yes,1845.7868736767816,Yes,-0.14285714285714288,Yes,-368.395,8.25
1363342,32700,Yes,-7498.98826386079,Yes,-0.04949659090909091,Yes,-21.015000000000022,9.9
1362526,43872,Yes,1770.1624020712147,Yes,0.061760822510822516,Yes,-249.61,9.0
1363138,13137,Yes,281.9236209335219,Yes,-0.06969272727272727,Yes,-7.322499999999991,8.25
1362791,7914,Yes,947.8979518505209,Yes,0.0831777777777778,Yes,-179.684,9.9
1362730,12988,No,0.0,Yes,-0.098459,Yes,-18.69,9.0
1363056,2442,No,0.0,Yes,-0.04280666666666667,No,0.0,0.0
1363199,0,Yes,0.0,Yes,0.068927,Yes,-118.2009090909091,3.727272727272727
1363117,38736,Yes,104691.89189189191,Yes,0.02500877192982457,Yes,-37.595000000000006,4.916666666666667
1362995,45195,Yes,920.1707845790866,Yes,0.07157862318840581,Yes,1625.4300000000003,99.0
1363382,13497,Yes,1979.274104851521,Yes,-0.08281272727272727,Yes,-114.98700000000001,9.9
1362587,8799,Yes,300.12403228973943,Yes,0.009620833333333356,Yes,-202.53727272727272,9.0
1362505,7735,Yes,-2518.8200363949813,No,0.0,Yes,-10.332727272727283,9.0
1362852,33706,No,0.0,Yes,0.010780588235294123,Yes,-296.36833333333334,8.25
1362974,12436,No,0.0,Yes,0.023244999999999995,Yes,47.5425,4.666666666666667
1363321,33113,Yes,1424.3682116356597,Yes,0.018790545454545456,Yes,253.92399999999998,9.9
1362770,76891,No,0.0,Yes,0.09612344497607651,Yes,-16.959999999999944,9.9
1362709,5981,Yes,305.523274375838,Yes,-0.018838333333333342,Yes,-229.79333333333332,11.0
1362831,111004,No,0.0,Yes,0.0020862500000000004,Yes,-409.248,3.8
1363178,31220,No,0.0,No,0.0,Yes,-27.832500000000007,8.25
1363096,12072,No,0.0,Yes,0.13182333333333332,No,0.0,0.0
1362566,127848,No,0.0,Yes,0.072398828125,Yes,-1439.755,8.25
1363361,26008,Yes,-17431.63538873997,Yes,0.025580128205128196,Yes,-302.4008333333333,8.25
1363035,8262,Yes,4437.958818263205,No,0.0,Yes,7.9758333333333375,8.25
1362484,10053,Yes,171.920960169149,Yes,0.025663055555555554,Yes,-228.92181818181817,9.0
1362688,23896,No,0.0,No,0.0,No,0.0,0.0
1363422,42532,Yes,-2182.8873084536995,Yes,0.09843190476190475,No,0.0,0.0
1363157,72194,No,0.0,No,0.0,Yes,-802.6500000000001,8.25
1363218,21646,No,0.0,Yes,-0.02940151515151518,Yes,-202.67083333333335,8.25
1362749,17412,Yes,-25098.37837837839,Yes,-0.035943888888888886,Yes,-153.6345454545455,9.0
1362810,0,Yes,0.0,Yes,0.06694515151515151,Yes,-198.8175,6.833333333333333
1363014,15399,Yes,70261.59695817491,No,0.0,No,0.0,0.0
1363075,12560,No,0.0,Yes,-0.009862424242424242,No,0.0,0.0
1363483,9271,No,0.0,Yes,0.0021483333333333497,Yes,25.91100000000001,9.9
1362932,18387,Yes,-3334.149326805386,No,0.0,Yes,9.69000000000001,8.25
1362606,36586,No,0.0,Yes,-0.018681212121212123,Yes,-315.31666666666666,8.25
1363401,9999,No,0.0,No,0.0,No,0.0,0.0
1363340,0,No,0.0,No,0.0,No,0.0,0.0
1362524,0,Yes,0.0,No,0.0,No,0.0,0.0
1362728,32065,No,0.0,No,0.0,No,0.0,0.0
1362993,20702,Yes,2731.324213596277,No,0.0,Yes,43.9409090909091,9.0
1363197,19088,Yes,1627.544764302245,Yes,-0.01482757575757576,Yes,-211.54083333333332,8.25
1363258,9005,Yes,3624.2633318959356,No,0.0,Yes,-17.603333333333335,5.777777777777778
1363462,9495,Yes,131.27333056822894,Yes,0.006073030303030303,Yes,-6.547499999999999,2.0
1362503,5787,No,0.0,No,0.0,Yes,-149.08454545454546,9.0
1362585,28093,No,0.0,No,0.0,Yes,-20.476999999999975,9.9
1362972,59047,Yes,7577.819367948237,Yes,0.04116151515151514,No,0.0,0.0
1363054,9738,No,0.0,Yes,0.0003158333333333161,Yes,-224.00666666666666,8.25
1363441,7169,Yes,418.27945371250763,Yes,0.06948833333333336,Yes,3.630000000000001,9.0
1362850,8961,Yes,59740.0,Yes,0.028673750000000008,Yes,-125.2325,4.333333333333333
1363237,57224,Yes,61038.933333333334,Yes,0.610848951048951,Yes,-618.9675,8.25
1362911,43737,No,0.0,Yes,0.05710037878787878,Yes,-16.583636363636348,9.0
1362829,49553,Yes,834.5655067503327,Yes,-0.062615,Yes,156.49,8.25
1363176,2772,Yes,-1526.3024142312597,No,0.0,No,0.0,0.0
1363298,56296,No,0.0,No,0.0,Yes,-607.5158333333333,8.25
1362768,0,No,0.0,No,0.0,Yes,-6.536666666666666,2.0
1363094,11244,No,0.0,No,0.0,No,0.0,0.0
1362564,14357,No,0.0,No,0.0,No,0.0,0.0
1362686,19019,Yes,31551.09489051096,Yes,-0.003651481481481481,Yes,-27.02916666666667,8.25
1362625,30165,No,0.0,Yes,0.06254888888888889,Yes,6.278571428571419,3.2857142857142856
1362951,24090,No,0.0,No,0.0,No,0.0,0.0
1362890,0,No,0.0,No,0.0,No,0.0,0.0
1363420,22369,No,0.0,Yes,-0.06543181818181819,Yes,-212.2208333333333,8.25
1363216,13241,Yes,-17096.191091026456,Yes,-0.036030833333333324,Yes,-104.73833333333333,8.25
1362543,77322,No,0.0,No,0.0,No,0.0,0.0
1363012,77893,Yes,130364.85355648535,No,0.0,Yes,-92.50250000000001,8.25
1362808,31387,No,0.0,Yes,-1.0,Yes,-293.9475,12.375
1363481,7642,Yes,173.79193428343027,No,0.0,Yes,-16.05636363636363,9.0
1362665,0,Yes,-0.0,No,0.0,No,0.0,0.0
1362604,28204,Yes,752106.6666667308,No,0.0,No,0.0,0.0
1363134,19645,No,0.0,No,0.0,Yes,-27.180000000000003,3.6666666666666665
1363073,11821,No,0.0,No,0.0,Yes,-243.48454545454544,9.0
1363399,1591,No,0.0,Yes,0.14662333333333333,Yes,-72.03700000000002,9.9
1363338,0,Yes,0.0,No,0.0,No,0.0,0.0
1362991,21657,Yes,2414.717770034843,Yes,-0.017220572916666673,Yes,-8.328333333333331,8.25
1362930,0,Yes,0.0,Yes,0.3431766666666667,No,0.0,0.0
1362787,0,No,0.0,No,0.0,No,0.0,0.0
1362726,14141,No,0.0,Yes,0.026978055555555557,Yes,-16.690999999999995,9.9
1363256,90592,No,0.0,No,0.0,No,0.0,0.0
1363195,0,Yes,0.0,Yes,-0.16666666666666666,Yes,36.910000000000004,8.25
1362848,0,Yes,-0.0,No,0.0,No,0.0,0.0
1363317,18176,Yes,79026.08695652173,Yes,0.06276833333333334,Yes,-0.9191666666666739,6.083333333333333
1362644,3371,Yes,20851.546391752578,Yes,-0.020644545454545464,Yes,6.974999999999994,3.6
1362909,98566,Yes,69169.12280701756,Yes,0.16946653061224493,No,0.0,0.0
1363113,30163,Yes,8680.0,Yes,-0.01834444444444444,No,0.0,0.0
1363378,31732,No,0.0,No,0.0,No,0.0,0.0
1362705,27635,Yes,740.6117048005092,Yes,-0.024589880952380953,Yes,-309.1790909090909,9.0
1363174,21384,No,0.0,No,0.0,No,0.0,0.0
1362501,65347,No,0.0,Yes,0.1688767676767677,Yes,-29.55000000000001,6.416666666666667
1362766,102286,Yes,507.7401141161414,Yes,0.10037361853832441,Yes,-767.3499999999999,11.0
1362970,30276,Yes,87969.00726392251,No,0.0,Yes,12.009166666666667,4.083333333333333
1363235,25827,No,0.0,No,0.0,Yes,-151.68999999999997,8.25
1363439,4184,No,0.0,No,0.0,No,0.0,0.0
1363031,52542,No,0.0,No,0.0,Yes,109.16333333333331,8.25
1362562,63532,Yes,731.7647668602658,Yes,-0.11111111111111112,Yes,-224.82181818181814,9.0
1362623,15554,Yes,351219.35483870964,No,0.0,Yes,-28.901111111111113,6.0
1362827,6228,Yes,-1348.1050021645874,No,0.0,Yes,-212.68666666666664,8.25
1362888,56266,No,0.0,Yes,0.031803368794326256,Yes,69.58900000000003,9.9
1363296,7302,Yes,1022.9663774403474,Yes,-0.011813888888888896,Yes,-227.59272727272727,9.0
1363357,19041,No,0.0,No,0.0,No,0.0,0.0
1363092,6809,Yes,1360.5366445443512,No,0.0,Yes,-11.133333333333345,8.25
1362480,50890,Yes,2743.28246807099,Yes,0.07086036363636362,Yes,-20.415833333333357,8.25
1363153,0,No,0.0,No,0.0,No,0.0,0.0
1362745,11410,No,0.0,No,0.0,No,0.0,0.0
1362949,0,Yes,0.0,Yes,-0.02147878787878788,Yes,-242.12,9.0
1363214,8345,No,0.0,No,0.0,Yes,-342.45,8.25
1362541,22362,No,0.0,Yes,-0.05016323529411764,No,0.0,0.0
1363479,32728,No,0.0,No,0.0,No,0.0,0.0
1363010,4424,Yes,148.06791212803503,Yes,-0.053456363636363635,Yes,118.71333333333332,8.25
1362602,31496,Yes,881.0971615720524,Yes,0.05711152482269503,Yes,19.788999999999998,9.9
1362806,39382,Yes,-1375.0218218637622,Yes,-0.01798064971751413,Yes,212.97909090909096,9.0
1363071,1565,Yes,-39.006535706373235,Yes,-0.02180666666666666,Yes,-221.04363636363635,9.0
1363275,17773,No,0.0,Yes,-0.027230833333333346,Yes,-18.312,9.9
1363336,33905,Yes,-11466.311134235168,No,0.0,Yes,-346.6058333333333,8.25
1362663,29030,No,0.0,Yes,-0.0407717803030303,Yes,-13.954545454545451,9.0
1362928,20691,No,0.0,Yes,0.030523333333333322,Yes,-14.704444444444452,11.0
1362520,58377,No,0.0,Yes,0.05315890804597701,Yes,-22.36818181818182,9.0
1363193,30989,Yes,2453.136379468668,Yes,0.009281111111111134,Yes,-14.12166666666665,4.666666666666667
1363458,22025,Yes,-12369.112318840582,Yes,-0.05156767676767676,Yes,-25.759999999999994,9.0
1362785,43582,Yes,-81254.57627118695,No,0.0,No,0.0,0.0
1363254,13317,Yes,5302.559726962458,Yes,0.08528916666666665,Yes,38.06,8.454545454545455
1362642,6909,Yes,-2406.2352544657906,Yes,-0.012830000000000022,Yes,-1.8850000000000016,9.9
1362703,26886,Yes,4032899.9999998473,Yes,0.025094871794871774,Yes,-321.98636363636365,9.0
1363376,23883,Yes,858.3117038693447,No,0.0,No,0.0,0.0
1363172,93060,No,0.0,No,0.0,No,0.0,0.0
1362499,37180,No,0.0,Yes,-0.027938277511961727,No,0.0,0.0
1362968,17110,Yes,-1515.3930633790349,No,0.0,Yes,0.6269999999999982,9.9
1362764,25973,No,0.0,No,0.0,Yes,40.96909090909092,9.0
1362825,10234,Yes,-2960.4178384893526,Yes,0.011037272727272724,Yes,-205.05500000000004,8.25
1363233,37438,Yes,-2182.6743029596355,No,0.0,Yes,-409.7091666666666,8.25
1363294,29536,Yes,15717.60532150776,Yes,-0.7177045454545454,No,0.0,0.0
1363029,0,Yes,0.0,No,0.0,No,0.0,0.0
1362682,29040,Yes,96800.0,No,0.0,Yes,-306.56333333333333,5.416666666666667
1362621,3303,Yes,90.02219309288654,Yes,-0.14285714285714285,Yes,-211.92999999999998,6.75
1363416,14769,No,0.0,No,0.0,Yes,-18.646363636363645,8.909090909090908
1363090,0,Yes,0.0,No,0.0,Yes,-25.37666666666667,3.25
1363008,35117,Yes,1524.6716596114188,Yes,0.05279299191374663,Yes,-407.615,6.833333333333333
1363355,13087,Yes,1795.1989026063097,Yes,0.06866527777777777,No,0.0,0.0
1363130,16238,Yes,-9349.517087667142,Yes,0.08043,Yes,-10.259999999999994,9.0
1362947,8048,No,0.0,Yes,-0.14175857142857146,No,0.0,0.0
1362722,44196,Yes,137041.86046511628,Yes,-0.05832603305785124,Yes,-460.05583333333334,8.25
1362743,11946,Yes,421.2270803949224,Yes,-0.11057185185185185,Yes,-70.88727272727274,9.0
1363456,0,No,0.0,No,0.0,Yes,85.30454545454546,5.545454545454546
1363212,9050,No,0.0,Yes,-0.021917777777777783,Yes,-18.503000000000007,9.9
1362579,17401,No,0.0,Yes,0.04364944444444444,Yes,30.069090909090914,9.0
1362804,68039,Yes,248058.85416666957,Yes,0.07462789661319073,Yes,-694.3954545454545,9.0
1362844,0,Yes,0.0,Yes,-0.0026319444444444476,Yes,-83.47272727272728,9.0
1363069,11600,No,0.0,No,0.0,No,0.0,0.0
1363313,19639,No,0.0,Yes,0.089618,Yes,-13.305833333333332,8.25
1363334,0,Yes,0.0,No,0.0,Yes,-12.563333333333327,8.25
1362701,38917,Yes,632.3064040393941,No,0.0,Yes,0.540909090909095,3.5454545454545454
1362661,19649,Yes,555.6686745284352,Yes,0.0002783333333333455,No,0.0,0.0
1363170,0,No,0.0,Yes,0.015962499999999998,Yes,-200.64916666666667,8.25
1362926,6479,Yes,182.74616490455483,Yes,0.0008958333333333144,Yes,-350.99333333333334,8.25
1363435,12307,No,0.0,Yes,-0.005385833333333342,Yes,-189.71333333333334,8.25
1363395,14011,Yes,82417.64705882352,Yes,0.08939888888888889,Yes,-86.16666666666667,8.25
1362558,0,No,0.0,No,0.0,No,0.0,0.0
1363191,26112,No,0.0,No,0.0,Yes,4.415454545454548,6.636363636363637
1362823,43381,Yes,14218.838770095199,Yes,0.16621742424242422,Yes,-34.24583333333334,3.5
1362783,16168,Yes,879.7766631967447,No,0.0,Yes,56.741666666666646,8.25
1362680,8282,No,0.0,Yes,-0.12390375000000002,Yes,51.07750000000001,8.25
1363252,0,Yes,0.0,Yes,-0.007840000000000001,Yes,-16.109999999999985,8.25
1362741,7534,No,0.0,No,0.0,No,0.0,0.0
1363048,43408,No,0.0,No,0.0,Yes,-12.856999999999994,9.9
1362537,0,Yes,0.0,No,0.0,No,0.0,0.0
1362640,3726,Yes,115.8458586504637,Yes,0.021453888888888887,No,0.0,0.0
1363006,4366,Yes,14353.972602739726,Yes,-0.05391299999999999,Yes,-155.23166666666665,8.25
1363109,8997,No,0.0,No,0.0,Yes,-186.43583333333333,8.25
1363475,24815,No,0.0,Yes,0.06443873873873875,Yes,-26.69600000000001,9.9
1362905,11613,Yes,1597.1954792800334,Yes,-0.0054522222222222185,Yes,-225.12083333333337,8.25
1362598,49437,No,0.0,Yes,0.10681657142857143,Yes,-680.629,7.4
1363374,6132,Yes,4145.577464788732,No,0.0,Yes,-19.7775,3.1666666666666665
1362863,0,No,0.0,No,0.0,No,0.0,0.0
1362497,0,Yes,-0.0,No,0.0,No,0.0,0.0
1363332,58217,No,0.0,Yes,0.06574169278996866,No,0.0,0.0
1362966,11041,Yes,-5481.0365369340725,Yes,0.04596694444444443,Yes,-203.26363636363638,9.0
1363128,4187,Yes,1527.1732522796353,Yes,-0.004666666666666665,Yes,-59.94,2.6666666666666665
1362619,32152,Yes,11534.349775784754,Yes,0.48813,Yes,-276.00333333333333,8.25
1362720,18806,Yes,890.3302165936797,Yes,-0.10000000000000003,Yes,-857.4200000000001,99.0
1363088,28975,Yes,960.3718248747025,Yes,-0.035555194805194805,Yes,58.93499999999999,9.9
1362985,11485,Yes,351.1397221184224,Yes,-0.08333333333333333,Yes,-250.3025,24.75
1363353,39832,Yes,740.2077034686337,Yes,-0.013060694444444448,Yes,-498.0,9.9
1363454,8120,Yes,398.7157695939565,Yes,0.04063194444444444,Yes,-182.61333333333334,8.25
1362945,13901,Yes,224.8715978485057,Yes,-0.0054524242424242395,Yes,14.205833333333333,8.25
1362577,86055,No,0.0,Yes,-0.03611205073995772,Yes,-51.38999999999995,8.25
1363414,25869,Yes,1295.0225273546448,Yes,0.00713426573426573,Yes,-71.21833333333335,8.25
1363046,9307,Yes,546.9956060563655,No,0.0,Yes,-298.8925,8.25
1363210,19891,Yes,-7294.582430405067,Yes,-0.07031083333333335,Yes,-160.07083333333335,8.25
1363311,54734,Yes,-4384.566088117491,Yes,-0.16666666666666666,Yes,-837.3891666666667,8.25
1363271,7467,Yes,624.0148905996757,Yes,0.020726388888888902,Yes,-168.15636363636364,9.0
1362903,29570,Yes,1984.4613081410355,Yes,0.01778787878787879,No,0.0,0.0
1363067,22721,Yes,63113.88888888888,No,0.0,Yes,-19.84833333333333,8.25
1362699,23476,No,0.0,Yes,-0.03313819444444443,Yes,35.40400000000001,9.9
1362659,0,Yes,-0.0,No,0.0,No,0.0,0.0
1363168,94123,Yes,2095.8698517885136,No,0.0,Yes,-1030.9950000000001,8.25
1362924,4804,Yes,365.74038827559957,Yes,-0.099774,Yes,-216.14833333333334,6.666666666666667
1363433,6576,No,0.0,Yes,0.073435,Yes,-114.54416666666668,6.75
1363393,0,No,0.0,Yes,-0.09090909090909091,Yes,-3.2677777777777868,11.0
1362556,56088,Yes,-15579.99999999998,Yes,0.047995238095238084,No,0.0,0.0
1362516,29417,No,0.0,Yes,-0.014853888888888896,Yes,-41.607499999999995,2.0
1363025,0,Yes,0.0,No,0.0,No,0.0,0.0
1362781,31013,Yes,371.5163164514917,No,0.0,Yes,-12.484999999999994,7.583333333333333
1363494,26848,No,0.0,No,0.0,No,0.0,0.0
1363250,39754,No,0.0,No,0.0,Yes,-36.380909090909114,9.0
1363290,0,Yes,0.0,No,0.0,No,0.0,0.0
1362638,7008,No,0.0,No,0.0,Yes,-10.484166666666662,4.75
1362882,44071,No,0.0,Yes,0.19259636363636362,Yes,-25.94166666666668,7.583333333333333
1363107,20184,No,0.0,Yes,0.014625925925925926,Yes,-28.530000000000005,3.5
1363351,0,Yes,0.0,No,0.0,No,0.0,0.0
1362964,5779,Yes,38526.66666666667,Yes,-0.07681083333333331,Yes,-129.19333333333333,8.25
1363147,20870,Yes,-732.5448748574046,Yes,-0.005024545454545494,Yes,10.529166666666656,8.25
1362760,43691,No,0.0,No,0.0,Yes,-501.2441666666666,4.75
1363208,2701,Yes,114.47097963594753,No,0.0,Yes,-4.58,11.0
1363229,7701,Yes,-35301.69779286944,Yes,-0.0031075757575757586,No,0.0,0.0
1363004,19319,Yes,91995.23809523809,Yes,-0.03904500000000001,Yes,28.73750000000001,4.666666666666667
1362821,7826,No,0.0,Yes,0.198898,Yes,-138.04833333333332,4.416666666666667
1362596,0,Yes,-0.0,No,0.0,No,0.0,0.0
1362617,13781,Yes,81064.70588235294,Yes,-0.03827625,Yes,-15.343333333333328,4.583333333333333
1362861,0,No,0.0,No,0.0,No,0.0,0.0
1363086,0,Yes,0.0,Yes,0.07791466666666666,No,0.0,0.0
1362718,50980,Yes,10804.662663369834,Yes,0.1571928,Yes,0.8716666666666667,1.0
1362535,26548,No,0.0,Yes,0.013278846153846153,No,0.0,0.0
1363187,46712,Yes,112108.79999999999,Yes,-0.01917628458498024,Yes,-31.432727272727263,9.0
1363269,44307,No,0.0,No,0.0,No,0.0,0.0
1363452,20926,Yes,-1537.8001506494456,No,0.0,Yes,9.259999999999984,9.0
1362657,27946,No,0.0,No,0.0,Yes,-10.56416666666667,6.583333333333333
1363044,15895,No,0.0,Yes,-0.030888333333333337,No,0.0,0.0
1363126,58749,Yes,859.3550156560692,Yes,-0.07809683908045979,Yes,-504.86454545454546,9.0
1363309,16718,No,0.0,No,0.0,No,0.0,0.0
1363391,15744,No,0.0,No,0.0,Yes,-17.90083333333332,8.25
1362697,5848,Yes,1754400.0000001711,No,0.0,Yes,-222.88750000000002,8.25
1362983,0,No,0.0,No,0.0,No,0.0,0.0
1363166,26138,No,0.0,No,0.0,No,0.0,0.0
1363248,7154,No,0.0,No,0.0,No,0.0,0.0
1362758,11982,No,0.0,No,0.0,Yes,-197.38090909090909,9.0
1362636,10250,No,0.0,Yes,0.009290833333333305,Yes,-221.43999999999997,8.25
1363023,31379,No,0.0,No,0.0,No,0.0,0.0
1363370,6700,Yes,36216.21621621622,Yes,-0.038959999999999995,No,0.0,0.0
1363492,142274,Yes,21677.535348610378,Yes,-0.02085845070422535,Yes,-113.1336363636363,9.0
1362962,2858,No,0.0,Yes,-0.0470133333333333,Yes,0.3018181818181773,9.0
1362880,0,Yes,0.0,No,0.0,No,0.0,0.0
1363227,14959,No,0.0,Yes,-0.016337500000000005,Yes,68.41250000000001,8.25
1363349,7617,No,0.0,No,0.0,No,0.0,0.0
1363288,41064,Yes,-1583.530084961873,Yes,0.0048662698412698414,Yes,68.47363636363642,9.0
1362737,43710,No,0.0,Yes,-0.09999999999999998,Yes,-61.968749999999986,12.375
1363084,34791,No,0.0,Yes,-0.12344999999999999,Yes,-213.705,8.25
1363206,42031,No,0.0,Yes,-0.10893749999999999,No,0.0,0.0
1362676,7230,No,0.0,No,0.0,No,0.0,0.0
1363471,30015,Yes,435.2666653483359,Yes,-0.059620555555555545,Yes,-5.580000000000016,11.0
1363145,6390,Yes,247.7630637079456,No,0.0,Yes,-1.5374999999999985,8.25
1362594,69205,Yes,567.3189557908908,Yes,0.0603471676300578,Yes,-890.3872727272727,9.0
1362941,18377,Yes,681.5739227187187,No,0.0,Yes,-28.89909090909092,9.0
1362859,44592,No,0.0,No,0.0,No,0.0,0.0
1363410,28518,Yes,12948.013620885356,No,0.0,Yes,-297.93583333333333,4.916666666666667
1363328,18466,Yes,321.46996161785313,Yes,-0.06736625,Yes,43.62181818181816,5.363636363636363
1363002,40795,No,0.0,Yes,-0.008121311475409843,Yes,74.67300000000002,9.9
1362920,5781,Yes,3174.919908466819,No,0.0,Yes,-118.27916666666668,3.5833333333333335
1363267,84184,Yes,2435.372260408711,Yes,-0.00989388888888889,Yes,-43.2927272727273,9.0
1362716,36761,No,0.0,No,0.0,No,0.0,0.0
1363389,1814,Yes,-123.70841397106258,No,0.0,Yes,-189.995,8.25
1363185,7353,No,0.0,Yes,-0.099168,Yes,-153.76666666666668,8.25
1362512,15432,Yes,260.8862257452523,Yes,-0.03998766666666667,Yes,-137.36727272727273,9.0
1362777,21746,Yes,-4018.377906195404,Yes,-0.04719368686868684,No,0.0,0.0
1362981,16276,No,0.0,No,0.0,Yes,9.0688888888889,11.0
1362573,40798,Yes,-5201.3386454183255,No,0.0,Yes,-353.88166666666666,8.25
1363450,4859,Yes,148.64714813388025,No,0.0,Yes,-1.0874999999999961,8.25
1363042,0,No,0.0,No,0.0,No,0.0,0.0
1362838,21460,Yes,1402.6716777646145,No,0.0,No,0.0,0.0
1362899,43715,Yes,9743.313521545319,No,0.0,No,0.0,0.0
1363307,2684,Yes,-2276.9151670951137,Yes,0.037513333333333336,Yes,-244.946,9.9
1363164,24300,Yes,10118.163403106015,Yes,-0.04552361111111111,Yes,-0.25166666666666454,8.25
1363103,44307,No,0.0,Yes,0.07498227272727272,Yes,-51.9227272727273,9.0
1363490,0,Yes,0.0,No,0.0,No,0.0,0.0
1362960,57642,Yes,37952.6336791701,Yes,-0.018720348837209303,No,0.0,0.0
1362613,7005,Yes,1916.7399589563183,Yes,-0.0628,No,0.0,0.0
1363429,13058,Yes,62180.95238095238,Yes,0.13759222222222223,Yes,0.36999999999999994,1.0
1363082,36464,No,0.0,Yes,-0.0027378787878787844,Yes,-393.9825,7.833333333333333
1362552,8005,No,0.0,Yes,-0.007116363636363613,Yes,-17.081666666666674,8.25
1362878,9848,No,0.0,No,0.0,No,0.0,0.0
1362817,8259,Yes,405.4027520984341,Yes,-0.06061090909090908,Yes,0.11666666666666003,8.25
1363347,0,Yes,-0.0,No,0.0,No,0.0,0.0
1363286,8423,Yes,79.08245134858313,No,0.0,Yes,-206.04999999999998,8.25
1362939,47267,Yes,-4090.433127082343,Yes,0.056061619718309856,Yes,127.02500000000003,12.375
1362674,0,Yes,-0.0,No,0.0,Yes,-252.78222222222223,11.0
1362735,16986,Yes,2981.394804586942,Yes,-1.0,Yes,-339.72125,12.375
1363408,36603,Yes,1714.878041638605,Yes,-0.03466111111111111,Yes,-18.30777777777776,11.0
1363204,23294,No,0.0,Yes,-0.08904166666666667,No,0.0,0.0
1362531,44742,No,0.0,Yes,0.005737499999999992,Yes,-285.55833333333334,8.25
1363469,0,Yes,-0.0,No,0.0,Yes,8.939166666666669,8.25
1362796,18663,Yes,1008.662113693313,No,0.0,Yes,0.3175,1.0
1362592,65024,No,0.0,Yes,0.06829060606060607,Yes,-52.652727272727276,9.0
1363265,24843,Yes,808.2224139638174,Yes,-0.009244444444444444,Yes,-205.34249999999997,8.25
1363326,75890,Yes,125677.70700636943,No,0.0,Yes,221.69111111111113,5.444444444444445
1362857,8088,Yes,-419.456749573222,Yes,-0.02511500000000002,Yes,-7.827499999999996,8.25
1362918,17174,Yes,-8592.370231394621,Yes,-0.04851818181818182,Yes,-12.296363636363635,9.0
1362653,31641,No,0.0,Yes,-0.09285703124999997,Yes,36.84916666666667,8.25
1363387,4247,Yes,-3007.005776038756,Yes,0.0007700000000000073,Yes,65.21916666666668,8.25
1362714,14458,No,0.0,Yes,-0.023294166666666664,No,0.0,0.0
1363183,46870,No,0.0,No,0.0,Yes,-490.11000000000007,8.25
1362510,10800,No,0.0,No,0.0,Yes,-215.80583333333334,7.916666666666667
1362775,12072,No,0.0,Yes,-0.011915000000000016,No,0.0,0.0
1362979,12664,No,0.0,No,0.0,Yes,3.442727272727272,9.0
1363244,20218,No,0.0,No,0.0,No,0.0,0.0
1363448,27239,Yes,1205.4655086574098,Yes,-0.07381130952380952,Yes,-298.195,8.25
1363040,38803,Yes,-2391.6696299457135,Yes,-0.1062485380116959,No,0.0,0.0
1362571,6108,Yes,-410.7204610951008,Yes,-0.020182000000000005,Yes,-19.473999999999993,8.9
1362632,49863,No,0.0,No,0.0,Yes,-564.5224999999999,8.25
1362836,5920,Yes,345.3326938283448,Yes,-0.0678675,Yes,-21.250000000000007,9.9
1362897,0,No,0.0,No,0.0,Yes,-9.07181818181819,9.0
1363305,23731,No,0.0,No,0.0,Yes,-23.626666666666654,8.25
1363366,62234,Yes,355.2919280898363,No,0.0,No,0.0,0.0
1363101,52903,Yes,9778.743068391866,Yes,-0.021333860759493672,No,0.0,0.0
1362489,55888,Yes,-3180.4650922165597,Yes,0.06722936507936507,Yes,-58.997499999999995,8.25
1362693,2620,Yes,-400.7648183556406,Yes,-0.13554285714285713,Yes,-161.53416666666666,8.25
1362754,12158,Yes,-4275.25117213664,Yes,0.002785555555555556,Yes,-211.87833333333333,8.25
1363427,83366,No,0.0,Yes,0.06726168831168831,Yes,6.599999999999966,9.9
1363223,24368,Yes,4353.279455550831,Yes,0.0030076167076167034,Yes,-263.19916666666666,8.25
1362550,0,Yes,-0.0,No,0.0,No,0.0,0.0
1362611,24115,No,0.0,Yes,0.061890909090909094,Yes,-0.75,1.0
1363019,32581,No,0.0,No,0.0,No,0.0,0.0
1363080,0,Yes,0.0,No,0.0,No,0.0,0.0
1362815,0,Yes,-0.0,Yes,-0.09071636363636364,Yes,-163.45666666666668,8.25
1363345,54713,No,0.0,Yes,1.2345679012339713e-05,Yes,169.36250000000004,8.25
1363284,36614,Yes,-1915.345933175836,Yes,-0.006736111111111111,Yes,43.79249999999999,8.25
1362937,46461,No,0.0,Yes,0.08264434782608697,Yes,10.50916666666668,8.25
1362876,15139,No,0.0,No,0.0,No,0.0,0.0
1362590,2466,Yes,1794.5421467556096,No,0.0,Yes,-144.12833333333333,5.833333333333333
1362672,16319,No,0.0,Yes,-0.028321249999999996,Yes,491.22,67.0
1363059,24744,No,0.0,Yes,-0.09281666666666666,Yes,-287.03749999999997,8.25
1363141,18920,Yes,1669.8553695478874,No,0.0,Yes,35.03083333333335,8.25
1363385,2314,Yes,59.004392386530014,Yes,0.0769290909090909,No,0.0,0.0
1362529,43829,Yes,4327.263751763047,Yes,0.051564772727272716,Yes,26.24444444444444,11.0
1362508,9802,Yes,2423.510901326142,Yes,-0.004997222222222231,Yes,-214.25750000000002,8.25
1362998,0,No,0.0,No,0.0,Yes,-24.533333333333342,4.75
1363242,4431,No,0.0,No,0.0,Yes,61.68499999999999,9.9
1363467,29521,No,0.0,Yes,-0.010471111111111087,Yes,-341.4591666666667,8.25
1363038,36605,Yes,6906.208907438107,Yes,-0.10748580246913579,Yes,-4.901666666666661,8.25
1363263,13269,No,0.0,Yes,-0.03385944444444444,No,0.0,0.0
1362630,15864,No,0.0,Yes,0.04488833333333335,Yes,-241.10181818181817,9.0
1362855,2289,Yes,-10638.53073463268,No,0.0,Yes,72.38083333333334,8.25
1363099,0,No,0.0,No,0.0,No,0.0,0.0
1363324,14795,No,0.0,No,0.0,Yes,-140.405,3.6666666666666665
1362895,26387,Yes,-10023.551756885092,Yes,-0.14146923076923082,No,0.0,0.0
1362569,61300,No,0.0,Yes,-0.14285714285714285,Yes,-73.3825,8.25
1363364,15100,No,0.0,Yes,0.000515277777777786,Yes,-90.0727272727273,9.0
1363303,17875,No,0.0,Yes,-0.08333333333333333,Yes,-274.999,9.9
