creditSpendtoLimitRatio,averageMonthlySpending,numTnxMonthlyAverage,hasSavings,hasCredit,hasChecking,incomeToSavingsRanking
0.515941739858735,0.4697122685906397,0.0,0.5,0.5,0.5,0.5
0.4919334072432903,0.43222975665960345,0.04377104377104376,1.0,1.0,1.0,0.75
0.5322811848086113,0.4697122685906397,0.0,1.0,1.0,0.5,0.25
0.6194160055446537,0.45655564019789996,0.07828282828282827,1.0,1.0,1.0,0.25
0.6054903593719032,0.30852698050110283,0.09090909090909091,1.0,1.0,1.0,0.25
0.515941739858735,0.4697122685906397,0.0,0.5,0.5,0.5,0.5
0.4710970219061045,0.39414927795400756,0.09090909090909091,1.0,1.0,1.0,0.5
0.5034115214376658,0.4004548936959216,0.08333333333333333,1.0,1.0,1.0,0.5
0.515941739858735,0.4697122685906397,0.0,0.5,1.0,0.5,0.5
0.5385411919286073,0.46575195594749064,0.09090909090909091,1.0,1.0,1.0,1.0
0.5090844050980671,0.46836052853797294,0.0765993265993266,0.5,1.0,1.0,0.5
0.515941739858735,0.4697122685906397,0.0,1.0,0.5,0.5,0.5
0.515941739858735,0.4697122685906397,0.0,0.5,0.5,0.5,0.5
0.515941739858735,0.3993024347089436,0.08333333333333333,0.5,0.5,1.0,0.5
0.515941739858735,0.4697122685906397,0.0,0.5,0.5,0.5,0.5
0.515941739858735,0.4697122685906397,0.0,0.5,0.5,0.5,0.5
0.515941739858735,0.4432704170656366,0.053030303030303025,1.0,0.5,1.0,0.25
0.515941739858735,0.4864480224907083,0.09090909090909091,1.0,0.5,1.0,0.5
0.49387964111092564,0.46304501567234485,0.09090909090909091,1.0,1.0,1.0,0.75
0.5057576468713085,0.4027614428927889,0.1111111111111111,1.0,1.0,1.0,1.0
0.4695894457546571,0.4215044660164612,0.08333333333333333,1.0,1.0,1.0,0.25
0.515941739858735,0.4697122685906397,0.0,0.5,0.5,0.5,0.5
0.515941739858735,0.4697122685906397,0.0,0.5,0.5,0.5,0.5
0.48020331544162026,0.3855659609452611,0.1,1.0,1.0,1.0,0.75
0.515941739858735,0.399785276690749,0.08333333333333333,0.5,0.5,1.0,0.5
0.5229941944046587,0.4697122685906397,0.0,1.0,1.0,0.5,0.75
0.4743245892673798,0.4668318255149066,0.09090909090909091,0.5,1.0,1.0,0.5
0.48347352616942485,0.46631247379848195,0.1,0.5,1.0,1.0,0.5
0.515941739858735,0.4697122685906397,0.0,1.0,0.5,0.5,0.0
0.558742624964607,0.4697122685906397,0.0,0.5,1.0,0.5,0.5
0.4705791258414735,0.3633385913085181,0.1,0.5,1.0,1.0,0.5
0.4985933840025425,0.4697122685906397,0.0,0.5,1.0,0.5,0.5
0.45861487987443117,0.44836961988699975,0.08333333333333333,0.5,1.0,1.0,0.5
0.5181105192025958,0.47044987793262366,0.08631772268135904,0.5,1.0,1.0,0.5
0.515941739858735,0.2766023004230487,0.1111111111111111,1.0,0.5,1.0,0.25
0.517198272971016,0.4689811182323053,0.1111111111111111,1.0,1.0,1.0,1.0
0.515941739858735,0.4697122685906397,0.0,1.0,0.5,0.5,0.5
0.5093705182447161,0.4644390686587161,0.08333333333333333,1.0,1.0,1.0,0.75
0.540226257650986,0.42680893105418866,0.03787878787878787,1.0,1.0,1.0,1.0
0.486187926932018,0.4643523963480181,0.1,0.5,1.0,1.0,0.5
0.5320699353295691,0.3997779361876472,0.08333333333333333,1.0,1.0,1.0,1.0
0.5078314002936634,0.32827164863893477,0.08333333333333333,0.5,1.0,1.0,0.5
0.515941739858735,0.4677958535401071,0.08333333333333333,1.0,0.5,1.0,0.25
0.48461633712321195,0.3528547216562785,0.08333333333333333,0.5,1.0,1.0,0.5
0.5402498189904394,0.3994833768746273,0.09090909090909091,0.5,1.0,1.0,0.5
0.47848737920514006,0.40086991634940616,0.09090909090909091,0.5,1.0,1.0,0.5
0.5295915046697987,0.4651818188244211,0.1111111111111111,0.5,1.0,1.0,0.5
0.4872549491711395,0.46956355543520756,0.08333333333333333,1.0,1.0,1.0,1.0
0.48833756692194313,0.4697122685906397,0.0,0.5,1.0,0.5,0.5
0.5570789440694511,0.44656304051250845,0.08333333333333333,0.5,1.0,1.0,0.5
0.515941739858735,0.4697122685906397,0.0,1.0,0.5,0.5,0.5
0.515941739858735,0.4697122685906397,0.0,1.0,0.5,0.5,0.5
0.515941739858735,0.4697122685906397,0.0,0.5,0.5,0.5,0.5
0.5138939201894412,0.47232222524904693,0.08333333333333333,1.0,1.0,1.0,0.75
0.4929237660753617,0.48499030237979107,0.49999999999999994,0.5,1.0,1.0,0.5
0.5196328730559744,0.38040770785450145,0.08333333333333333,0.5,1.0,1.0,0.5
0.515941739858735,0.4697122685906397,0.0,0.5,0.5,0.5,0.5
0.5439353054919703,0.4653370568714993,0.08333333333333333,1.0,1.0,1.0,0.25
0.515941739858735,0.29506402821798144,0.08333333333333333,0.5,0.5,1.0,0.5
0.5181637289517266,0.4697122685906397,0.0,0.5,1.0,0.5,0.5
0.5166204898809492,0.46387285306143383,0.1111111111111111,0.5,1.0,1.0,0.5
0.515941739858735,0.4697122685906397,0.0,0.5,0.5,0.5,0.5
0.4903733870371357,0.47097293203074747,0.08333333333333333,1.0,1.0,1.0,0.75
0.5057786908035677,0.41791495999969547,0.08333333333333333,1.0,1.0,1.0,0.0
0.515941739858735,0.4507792079977772,0.08333333333333333,0.5,0.5,1.0,0.5
0.497411725774419,0.4697122685906397,0.0,0.5,1.0,0.5,0.5
0.501409380852714,0.3206725967056909,0.08333333333333333,1.0,1.0,1.0,0.0
0.515941739858735,0.4697122685906397,0.0,1.0,0.5,0.5,0.25
0.515941739858735,0.4697122685906397,0.0,1.0,0.5,0.5,0.5
0.5451914151672174,0.48097260034875544,0.08333333333333333,1.0,1.0,1.0,0.75
0.512026458638957,0.4004353190209835,0.08333333333333333,0.5,1.0,1.0,0.5
0.515941739858735,0.4697122685906397,0.0,0.5,0.5,0.5,0.5
0.512651321412786,0.46003077936387016,0.1111111111111111,0.5,1.0,1.0,0.5
0.515941739858735,0.4353006425387048,0.08282828282828282,1.0,0.5,1.0,0.75
0.5581720403041178,0.4697122685906397,0.0,1.0,1.0,0.5,0.0
0.4933355180078519,0.47133518709459477,0.09090909090909091,1.0,1.0,1.0,1.0
0.5050785865260093,0.4629625400533192,0.0707070707070707,1.0,1.0,1.0,0.25
0.5528658140286434,0.4535055252238717,0.054713804713804715,1.0,1.0,1.0,0.25
0.515941739858735,0.4697122685906397,0.0,1.0,0.5,0.5,0.5
0.5466556083153755,0.4191152929075762,0.09090909090909091,1.0,1.0,1.0,0.25
0.5783615670216079,0.4516096092079271,0.1,1.0,1.0,1.0,0.25
0.5848259361921272,0.4142743423317027,0.08333333333333333,1.0,1.0,1.0,0.25
0.5089691216512275,0.47164363651786106,0.09090909090909091,0.5,1.0,1.0,0.5
0.515941739858735,0.4697122685906397,0.0,1.0,0.5,0.5,0.5
0.5166656664246355,0.41749954189823235,0.08333333333333333,0.5,1.0,1.0,0.5
0.5622703375243957,0.4697122685906397,0.0,1.0,1.0,0.5,0.25
0.46458593095667633,0.4668288102240702,0.08333333333333333,1.0,1.0,1.0,0.75
0.515941739858735,0.3250266519579791,0.09090909090909091,0.5,0.5,1.0,0.5
0.5018440924793629,0.4697122685906397,0.0,0.5,1.0,0.5,0.5
0.5234391054183782,0.5249534512417503,0.1111111111111111,1.0,1.0,1.0,0.75
0.515941739858735,0.46929337054696535,0.1,0.5,0.5,1.0,0.5
0.515941739858735,0.4697122685906397,0.0,1.0,0.5,0.5,0.5
0.515941739858735,0.4697122685906397,0.0,0.5,0.5,0.5,0.5
0.515941739858735,0.4618118111512474,0.09090909090909091,0.5,0.5,1.0,0.5
0.5249910140146973,0.459045049483147,0.1,0.5,1.0,1.0,0.5
0.4966863641757572,0.4697122685906397,0.0,1.0,1.0,0.5,0.0
0.504107912498157,0.4684583030506686,0.09090909090909091,1.0,1.0,1.0,0.5
0.5376925928433252,0.46417002562651194,0.1,0.5,1.0,1.0,0.5
0.4699938446586974,0.4503032534015982,0.1111111111111111,0.5,1.0,1.0,0.5
0.5503412658090923,0.4889553603986827,0.09090909090909091,0.5,1.0,1.0,0.5
0.49449514732225,0.4697122685906397,0.0,1.0,1.0,0.5,0.0
0.515941739858735,0.4697122685906397,0.0,1.0,0.5,0.5,0.0
0.515941739858735,0.4697122685906397,0.0,0.5,0.5,0.5,0.5
0.4691274436290653,0.38324440449760777,0.08333333333333333,0.5,1.0,1.0,0.5
0.5198538681012139,0.46566624259814066,0.09090909090909091,1.0,1.0,1.0,1.0
0.5491901078668127,0.38296531708674864,0.09090909090909091,1.0,1.0,1.0,0.0
0.5523814595683441,0.3874472503290992,0.02188552188552187,1.0,1.0,1.0,0.0
0.4834796236627141,0.4697122685906397,0.0,0.5,1.0,0.5,0.5
0.5516474879656588,0.16752523365908856,0.08333333333333333,1.0,1.0,1.0,0.75
0.5510834698364041,0.4618685332206702,0.08333333333333333,0.5,1.0,1.0,0.5
0.515941739858735,0.40925558845847504,0.09090909090909091,0.5,0.5,1.0,0.5
0.486716923561355,0.49837048245790294,0.09090909090909091,1.0,1.0,1.0,0.75
0.515941739858735,0.4697122685906397,0.0,0.5,0.5,0.5,0.5
0.48420801200133823,0.4715223822814392,0.08333333333333333,1.0,1.0,1.0,1.0
0.5026598516495516,0.47905645716870815,0.08333333333333333,0.5,1.0,1.0,0.5
0.515941739858735,0.4664542715573893,0.09090909090909091,0.5,0.5,1.0,0.5
0.515941739858735,0.2528067785319795,0.09090909090909091,1.0,0.5,1.0,1.0
0.5120028932047278,0.469467585153914,0.010101010101010097,1.0,1.0,1.0,1.0
0.46089471449899744,0.4426078686930805,0.08333333333333333,1.0,1.0,1.0,0.25
0.6040384010746596,0.38472080952551135,0.048668503213957756,1.0,1.0,1.0,0.0
0.5080123080657071,0.3662209621931466,0.08333333333333333,1.0,1.0,1.0,0.75
0.515941739858735,0.4697122685906397,0.0,1.0,0.5,0.5,1.0
0.5711075563680681,0.4697122685906397,0.0,1.0,1.0,0.5,0.0
0.5063499903503939,0.43009285464553254,0.08333333333333333,0.5,1.0,1.0,0.5
0.515941739858735,0.4697122685906397,0.0,0.5,0.5,0.5,0.5
0.8041622739960202,0.42436998093100414,0.0345117845117845,1.0,1.0,1.0,1.0
0.5444463744487305,0.40377769476665626,0.04629629629629629,1.0,1.0,1.0,1.0
0.47745420587107296,0.4022032927865692,0.08333333333333333,0.5,1.0,1.0,0.5
0.5091126776631049,0.39944299174981823,0.08333333333333333,1.0,1.0,1.0,1.0
0.5073504499871874,0.404485299493268,0.09090909090909091,1.0,1.0,1.0,0.5
0.4868610522214116,0.4696691318069799,0.1111111111111111,1.0,1.0,1.0,0.75
0.4586315046638266,0.4697122685906397,0.0,0.5,1.0,0.5,0.5
0.5123499254464186,0.4209098852652178,0.08333333333333333,1.0,1.0,1.0,1.0
0.515941739858735,0.4609540515317817,0.1111111111111111,0.5,0.5,1.0,0.5
0.45861487987443117,0.46051733690897395,0.08333333333333333,1.0,1.0,1.0,1.0
0.5123787321935606,0.49230932771322666,0.08333333333333333,1.0,1.0,1.0,0.0
0.5337012302612746,0.36608475508003596,0.08333333333333333,1.0,1.0,1.0,1.0
0.5811486681209671,0.42420984921519145,0.08333333333333333,0.5,1.0,1.0,0.5
0.515941739858735,0.4697122685906397,0.0,1.0,0.5,0.5,0.5
0.515941739858735,0.5016836939151579,0.030303030303030297,1.0,0.5,1.0,0.25
0.515941739858735,0.5006171212860205,0.09090909090909091,1.0,0.5,1.0,1.0
0.5054921093047015,0.4697122685906397,0.0,1.0,1.0,0.5,0.0
0.49542832623340166,0.39739798195976206,0.08333333333333333,1.0,1.0,1.0,0.75
0.5217940826485509,0.47352280531191426,0.1,1.0,1.0,1.0,0.75
0.5358398929592869,0.38396404567206655,0.08333333333333333,0.5,1.0,1.0,0.5
0.515941739858735,0.4697122685906397,0.0,1.0,0.5,0.5,0.5
0.5009299849860953,0.46931840240400735,0.09090909090909091,1.0,1.0,1.0,1.0
0.5212662586140772,0.46273643443308565,0.061728395061728385,1.0,1.0,1.0,0.0
0.4917213609483236,0.4697122685906397,0.0,1.0,1.0,0.5,0.25
0.5009469876116134,0.4697122685906397,0.0,0.5,1.0,0.5,0.5
0.5102410526712413,0.47361578501787005,0.023989898989898985,1.0,1.0,1.0,0.0
0.515941739858735,0.2222147004721303,0.08333333333333333,0.5,0.5,1.0,0.5
0.4881234510999017,0.46669035400058156,0.09090909090909091,0.5,1.0,1.0,0.5
0.515941739858735,0.3762132900080528,0.03787878787878787,0.5,0.5,1.0,0.5
0.515941739858735,0.4697122685906397,0.0,0.5,0.5,0.5,0.5
0.5153767836535897,0.46306721019014074,0.08333333333333333,1.0,1.0,1.0,0.0
0.4912037405463447,0.43194500939955127,0.09090909090909091,0.5,1.0,1.0,0.5
0.515941739858735,0.39522885093543964,0.09090909090909091,0.5,0.5,1.0,0.5
0.5175697203128964,0.28124759487303674,0.09090909090909091,0.5,1.0,1.0,0.5
0.515941739858735,0.4697122685906397,0.0,0.5,0.5,0.5,0.5
0.5108085494985906,0.3656440530234445,0.08333333333333333,1.0,1.0,1.0,0.0
0.5114371385183184,0.17291887221597835,0.08333333333333333,1.0,1.0,1.0,0.0
0.5217065288987566,0.4387704167937661,0.04377104377104376,1.0,1.0,1.0,0.25
0.48925660768931417,0.45944327548374286,0.09090909090909091,1.0,1.0,1.0,0.75
0.515941739858735,0.4697122685906397,0.0,0.5,0.5,0.5,0.5
0.5646206528638883,0.4697122685906397,0.0,0.5,1.0,0.5,0.5
0.515941739858735,0.4664803711239734,0.09090909090909091,0.5,0.5,1.0,0.5
0.5453872515382229,0.4205289947153815,0.08333333333333333,0.5,1.0,1.0,0.5
0.515941739858735,0.46771858794819887,0.05757575757575757,1.0,0.5,1.0,0.0
0.515941739858735,0.47332510109503995,0.1,1.0,0.5,1.0,0.75
0.5091193697449006,0.46162466539540026,0.06734006734006734,0.5,1.0,1.0,0.5
0.5120822090102918,0.333652781153503,0.08333333333333333,0.5,1.0,1.0,0.5
0.45969893079673435,0.4697122685906397,0.0,0.5,1.0,0.5,0.5
0.515941739858735,0.4724600635850691,0.08333333333333333,0.5,0.5,1.0,0.5
0.515941739858735,0.33952338928971665,0.1,0.5,0.5,1.0,0.5
0.515941739858735,0.4636158448293768,0.1111111111111111,0.5,0.5,1.0,0.5
0.515941739858735,0.4697122685906397,0.0,0.5,0.5,0.5,0.5
0.5610097920330247,0.4416620856489902,0.1,0.5,1.0,1.0,0.5
0.517424642409379,0.4372065633885067,0.1,1.0,1.0,1.0,1.0
0.515941739858735,0.4697122685906397,0.0,1.0,0.5,0.5,0.0
0.5711449263149204,0.4674078943576543,0.024410774410774397,1.0,1.0,1.0,1.0
0.515941739858735,0.4697122685906397,0.0,1.0,0.5,0.5,0.5
0.5543857954501925,0.4697122685906397,0.0,0.5,1.0,0.5,0.5
0.515941739858735,0.3964040234656853,0.08333333333333333,0.5,0.5,1.0,0.5
0.5513246685563575,0.4697122685906397,0.0,0.5,1.0,0.5,0.5
0.515941739858735,0.4697122685906397,0.0,0.5,0.5,0.5,0.5
0.5033368532025363,0.4697122685906397,0.0,1.0,1.0,0.5,1.0
0.515941739858735,0.4697122685906397,0.0,0.5,0.5,0.5,0.5
0.4545162960198533,0.4697122685906397,0.0,1.0,1.0,0.5,0.25
0.5006437637767824,0.4644751532867584,0.09090909090909091,1.0,1.0,1.0,0.0
0.4912937697741837,0.46617142739073386,0.08333333333333333,1.0,1.0,1.0,0.25
0.515941739858735,0.47927301436795966,0.057851239669421496,1.0,0.5,1.0,0.25
0.515941739858735,0.4087878723618491,0.09090909090909091,1.0,0.5,1.0,0.25
0.515941739858735,0.4626445059596729,0.1,1.0,0.5,1.0,1.0
0.515941739858735,0.4697122685906397,0.0,1.0,0.5,0.5,0.0
0.5113558776942907,0.39997069236169,0.08333333333333333,0.5,1.0,1.0,0.5
0.515941739858735,0.4697122685906397,0.0,0.5,0.5,0.5,0.5
0.45907578782870495,0.4697122685906397,0.0,1.0,1.0,0.5,0.75
0.5383099640388606,0.46930446286276356,0.01683501683501684,1.0,1.0,1.0,0.25
0.4766822587536272,0.4376337262949327,0.030303030303030297,1.0,1.0,1.0,0.75
0.5291020065286953,0.4744879455345544,0.08333333333333333,1.0,1.0,1.0,0.25
0.43620140842267513,0.4697122685906397,0.0,1.0,1.0,0.5,0.25
0.515941739858735,0.4697122685906397,0.0,1.0,0.5,0.5,0.5
0.5070938080581031,0.4042069782628672,0.08333333333333333,1.0,1.0,1.0,0.5
0.515941739858735,0.4697122685906397,0.0,0.5,0.5,0.5,0.5
0.515941739858735,0.47441612229545094,0.09090909090909091,1.0,0.5,1.0,0.75
0.6191133197239367,0.4006536310206399,0.05555555555555555,1.0,1.0,1.0,0.75
0.46484216638620796,0.4697122685906397,0.0,0.5,1.0,0.5,0.5
0.515941739858735,0.41345845900546513,0.08333333333333333,0.5,0.5,1.0,0.5
0.5323848031080328,0.5176734846346958,0.02272727272727272,1.0,1.0,1.0,0.25
0.4422357770217729,0.4115906099097978,0.09090909090909091,1.0,1.0,1.0,0.0
0.8168389625443493,0.46469996546256215,0.04315886134067951,1.0,1.0,1.0,0.25
0.515941739858735,0.4697122685906397,0.0,0.5,0.5,0.5,0.5
0.515941739858735,0.3250287774908638,0.08333333333333333,1.0,0.5,1.0,1.0
0.47792949765567005,0.4618329181871023,0.08333333333333333,0.5,1.0,1.0,0.5
0.42995144988227924,0.415399070529185,0.08333333333333333,1.0,1.0,1.0,0.75
0.5084915411351749,0.398082008100653,0.49999999999999994,1.0,1.0,1.0,1.0
0.502121552434299,0.5280415374602185,0.09090909090909091,0.5,1.0,1.0,0.5
0.515941739858735,0.46944148558732995,0.08333333333333333,0.5,0.5,1.0,0.5
0.515941739858735,0.381741866949122,0.1111111111111111,1.0,0.5,1.0,0.0
0.5208692766231018,0.45947117928172904,0.08333333333333333,1.0,1.0,1.0,0.0
0.4712092302145633,0.3653159053477468,0.08333333333333333,1.0,1.0,1.0,0.0
0.5394906107202373,0.4588918232776597,0.07491582491582491,0.5,1.0,1.0,0.5
0.47491620246241784,0.4697122685906397,0.0,1.0,1.0,0.5,0.75
0.515941739858735,0.4632190226691048,0.1,1.0,0.5,1.0,0.5
0.515941739858735,0.4697122685906397,0.0,0.5,0.5,0.5,0.5
0.515941739858735,0.4608390091240229,0.06427915518824609,0.5,0.5,1.0,0.5
0.523421605232337,0.4496885624729458,0.0707070707070707,1.0,1.0,1.0,0.25
0.5729940210445553,0.3980801050072562,0.02188552188552187,1.0,1.0,1.0,0.25
0.515941739858735,0.4697122685906397,0.0,0.5,0.5,0.5,0.5
0.5502209090549494,0.4697122685906397,0.0,1.0,1.0,0.5,0.5
0.4843787694039043,0.3976687649630718,0.08333333333333333,1.0,1.0,1.0,0.75
0.515941739858735,0.4697122685906397,0.0,0.5,0.5,0.5,0.5
0.5411093779290441,0.4069350997203639,0.09090909090909091,0.5,1.0,1.0,0.5
0.5153238996252543,0.3980466649375704,0.08333333333333333,1.0,1.0,1.0,0.5
0.515941739858735,0.4697122685906397,0.0,0.5,0.5,0.5,0.5
0.5148302460137814,0.5325857982470878,0.1,0.5,1.0,1.0,0.5
0.5458590295471014,0.4330595053805888,0.08333333333333333,1.0,1.0,1.0,0.75
0.4619059193613634,0.4616422826028445,0.1,1.0,1.0,1.0,0.75
0.515941739858735,0.4697122685906397,0.0,0.5,0.5,0.5,0.5
0.515941739858735,0.3953948402244345,0.08333333333333333,1.0,0.5,1.0,0.75
0.515941739858735,0.45960008473037867,0.02308802308802308,0.5,0.5,1.0,0.5
0.515941739858735,0.4643202612566615,0.08333333333333333,0.5,0.5,1.0,0.5
0.5129462681074052,0.46957020390434684,0.09090909090909091,1.0,1.0,1.0,1.0
0.515941739858735,0.4656635733242855,0.08333333333333333,1.0,0.5,1.0,0.0
0.5164869182971857,0.3025842377105026,0.08333333333333333,1.0,1.0,1.0,0.0
0.5192628832967564,0.01666848819891792,0.1,0.5,1.0,1.0,0.5
0.515941739858735,0.32237260284996394,0.08333333333333333,1.0,0.5,1.0,0.25
0.515941739858735,0.4697122685906397,0.0,0.5,0.5,0.5,0.5
0.5314034082128588,0.45699911039034125,0.09090909090909091,1.0,1.0,1.0,0.75
0.515941739858735,0.4697122685906397,0.0,0.5,0.5,0.5,0.5
0.515941739858735,0.47874543733358127,0.08333333333333333,1.0,0.5,1.0,0.75
0.515941739858735,0.4771906100284322,0.08333333333333333,0.5,0.5,1.0,0.5
0.515941739858735,0.3590626123164942,0.08333333333333333,1.0,0.5,1.0,0.0
0.515941739858735,0.4697122685906397,0.0,0.5,0.5,0.5,0.5
0.5184186901615069,0.4592988381095787,0.09090909090909091,1.0,1.0,1.0,0.75
0.5285149534247925,0.4942295489505527,0.08333333333333333,1.0,1.0,1.0,0.75
0.9999999999999999,0.4697122685906397,0.0,0.5,1.0,0.5,0.5
0.5374629596825925,0.4697122685906397,0.0,1.0,1.0,0.5,0.0
0.5236426002775765,0.4697122685906397,0.0,0.5,1.0,0.5,0.5
0.48977331813025,0.40798679361930845,0.08333333333333333,1.0,1.0,1.0,0.0
0.515941739858735,0.4704249647099752,0.09090909090909091,0.5,0.5,1.0,0.5
0.515941739858735,0.4881180557966788,0.05483405483405483,1.0,0.5,1.0,0.75
0.515941739858735,0.3617949106932643,0.08333333333333333,0.5,0.5,1.0,0.5
0.515941739858735,0.4697122685906397,0.0,1.0,0.5,0.5,0.5
0.515941739858735,0.4697122685906397,0.0,1.0,0.5,0.5,0.5
0.477746142905543,0.475759211923587,0.08333333333333333,1.0,1.0,1.0,0.25
0.515941739858735,0.4697122685906397,0.0,1.0,0.5,0.5,0.5
0.5163676563796261,0.20715537413061386,0.09090909090909091,1.0,1.0,1.0,0.75
0.5715578025500788,0.4624794262010286,0.05808080808080807,0.5,1.0,1.0,0.5
0.4596679742923428,0.3357022644488165,0.09090909090909091,0.5,1.0,1.0,0.5
0.45864640964742254,0.46797909424716616,0.08333333333333333,1.0,1.0,1.0,0.5
0.49357394563005935,0.41185143256714796,0.08333333333333333,0.5,1.0,1.0,0.5
0.515941739858735,0.4697122685906397,0.0,0.5,0.5,0.5,0.5
0.5098400252279875,0.4697122685906397,0.0,0.5,1.0,0.5,0.5
0.4729465948705071,0.4697122685906397,0.0,0.5,1.0,0.5,0.5
0.47993252420118526,0.5301846677799515,0.09090909090909091,1.0,1.0,1.0,0.0
0.4960603548647286,0.3686609997982721,0.08333333333333333,1.0,1.0,1.0,0.0
0.4870902777658346,0.4484201877972564,0.03619528619528618,1.0,1.0,1.0,0.0
0.5454688339519529,0.47202969260691713,0.010942760942760935,1.0,1.0,1.0,1.0
0.5174886270024206,0.4697122685906397,0.0,1.0,1.0,0.5,0.5
0.5100234581511055,0.41130633224422014,0.08333333333333333,1.0,1.0,1.0,0.75
0.5549136336979372,0.4697122685906397,0.0,0.5,1.0,0.5,0.5
0.5098743724858588,0.4981797183530521,0.015151515151515152,1.0,1.0,1.0,0.25
0.5173012463432628,0.4697122685906397,0.0,0.5,1.0,0.5,0.5
0.515941739858735,0.4697122685906397,0.0,1.0,0.5,0.5,0.5
0.46928888062687224,0.38613344856687426,0.09090909090909091,0.5,1.0,1.0,0.5
0.515941739858735,0.4697122685906397,0.0,1.0,0.5,0.5,1.0
0.5125584996719947,0.4640697202467536,0.09090909090909091,1.0,1.0,1.0,0.75
0.515941739858735,0.4697122685906397,0.0,1.0,0.5,0.5,0.5
0.515941739858735,0.4697122685906397,0.0,1.0,0.5,0.5,0.5
0.4801086305778795,0.3767752463010661,0.08333333333333333,1.0,1.0,1.0,0.0
0.5062710568722578,0.2817608616336915,0.08333333333333333,0.5,1.0,1.0,0.5
0.5394239682455055,0.4488356058987195,0.04292929292929293,1.0,1.0,1.0,0.25
0.515941739858735,0.4697122685906397,0.0,0.5,0.5,0.5,0.5
0.550712617167633,0.41413510580461355,0.02308802308802308,1.0,1.0,1.0,0.5
0.5003787012370562,0.4644511298220617,0.09090909090909091,1.0,1.0,1.0,1.0
0.4652456140652597,0.40776820974916683,0.08333333333333333,0.5,1.0,1.0,0.5
0.49859749837048395,0.39080111878164847,0.09090909090909091,1.0,1.0,1.0,0.25
0.5067717353356458,0.362390850796934,0.08333333333333333,0.5,1.0,1.0,0.5
0.5274897667646277,0.5065369775248624,0.09090909090909091,0.5,1.0,1.0,0.5
0.47092050729268004,0.3993217375133964,0.09090909090909091,1.0,1.0,1.0,0.0
0.4597113863599491,0.4024694045606323,0.09090909090909091,1.0,1.0,1.0,0.0
0.515941739858735,0.4697122685906397,0.0,1.0,0.5,0.5,0.25
0.5100342069373526,0.46645471643636516,0.08333333333333333,1.0,1.0,1.0,0.0
0.5091178370805034,0.40078627910194353,0.09090909090909091,1.0,1.0,1.0,0.25
0.4422357770217729,0.4697122685906397,0.0,0.5,1.0,0.5,0.5
0.44231243122312336,0.44941740873715613,0.0606060606060606,0.5,1.0,1.0,0.5
0.5123126629874287,0.3540745798081,0.09090909090909091,0.5,1.0,1.0,0.5
0.515941739858735,0.39629663462401127,0.08333333333333333,0.5,0.5,1.0,0.5
0.5599242698549444,0.5787553680209425,0.09090909090909091,0.5,1.0,1.0,0.5
0.5165707588299128,0.4625351843660037,0.09090909090909091,1.0,1.0,1.0,0.5
0.515941739858735,0.4413492170945636,0.1,0.5,0.5,1.0,0.5
0.485784945163992,0.3513534034057265,0.09090909090909091,1.0,1.0,1.0,0.75
0.515941739858735,0.5310190630146848,0.08866442199775533,0.5,0.5,1.0,0.5
0.515941739858735,0.4659686120087368,0.08333333333333333,0.5,0.5,1.0,0.5
0.4914446827330924,0.35679521246950296,0.08333333333333333,0.5,1.0,1.0,0.5
0.5708093799191051,0.47229188450289294,0.04545454545454545,1.0,1.0,1.0,0.0
0.5072644918860895,0.4544679467416594,0.08333333333333333,1.0,1.0,1.0,0.25
0.5153204600136552,0.4848971743808434,0.09090909090909091,1.0,1.0,1.0,0.0
0.48702320533965293,0.31254631375504993,0.09090909090909091,1.0,1.0,1.0,0.0
0.515941739858735,0.38438925111099875,0.0765993265993266,1.0,0.5,1.0,0.25
0.527050219580114,0.34853791266046974,0.09090909090909091,0.5,1.0,1.0,0.5
0.5304847043338532,0.4082918323037598,0.08333333333333333,0.5,1.0,1.0,0.5
0.45144902237639317,0.4697122685906397,0.0,1.0,1.0,0.5,0.0
0.515941739858735,0.4665819518234625,0.020202020202020193,1.0,0.5,1.0,0.25
0.47520040037079003,0.46448701672611487,0.09090909090909091,1.0,1.0,1.0,0.5
0.515941739858735,0.468641296602741,0.09090909090909091,1.0,0.5,1.0,0.25
0.515941739858735,0.4697122685906397,0.0,1.0,0.5,0.5,0.5
0.5099803555182548,0.40255889938127715,0.08333333333333333,0.5,1.0,1.0,0.5
0.515941739858735,0.4597166783299105,0.026936026936026924,1.0,0.5,1.0,0.25
0.5170141104333165,0.2957192360874358,0.08333333333333333,1.0,1.0,1.0,0.0
0.528977007916266,0.4634661348154987,0.1111111111111111,1.0,1.0,1.0,0.0
0.515941739858735,0.46187967991056544,0.08333333333333333,0.5,0.5,1.0,0.5
0.522508560333367,0.2860210721375709,0.08333333333333333,1.0,1.0,1.0,0.75
0.0,0.45778269055983123,0.09090909090909091,0.5,1.0,1.0,0.5
0.45218230457416736,0.40954325214736903,0.08333333333333333,1.0,1.0,1.0,0.0
0.515941739858735,0.4697122685906397,0.0,0.5,0.5,0.5,0.5
0.515941739858735,0.4697122685906397,0.0,1.0,0.5,0.5,0.25
0.475377000821224,0.4697122685906397,0.0,1.0,1.0,0.5,0.75
0.5249985811602152,0.47272758414255583,0.02777777777777777,1.0,1.0,1.0,0.25
0.5559396932898336,0.4182431076753932,0.08333333333333333,1.0,1.0,1.0,1.0
0.515941739858735,0.4625838244673649,0.1,0.5,0.5,1.0,0.5
0.515941739858735,0.4697122685906397,0.0,0.5,0.5,0.5,0.5
0.515941739858735,0.4697122685906397,0.0,0.5,0.5,0.5,0.5
0.5176885454066553,0.3479537124186632,0.07154882154882154,1.0,1.0,1.0,0.25
0.515941739858735,0.39858388101642583,0.08333333333333333,0.5,0.5,1.0,0.5
0.515941739858735,0.40134146334832427,0.08333333333333333,0.5,0.5,1.0,0.5
0.5385214322651316,0.4335374536936596,0.03367003367003366,0.5,1.0,1.0,0.5
0.515941739858735,0.32243214248623386,0.08333333333333333,0.5,0.5,1.0,0.5
0.5197846459177828,0.4697122685906397,0.0,1.0,1.0,0.5,0.5
0.46591971406017396,0.31711267019772055,0.1,0.5,1.0,1.0,0.5
0.5030407492077693,0.5245413991558189,0.14285714285714285,1.0,1.0,1.0,0.75
0.515941739858735,0.3579049877902965,0.08333333333333333,0.5,0.5,1.0,0.5
0.45392296301901586,0.4853962438529112,0.14285714285714285,0.5,1.0,1.0,0.5
0.5088981970337727,0.46661919807994184,0.054713804713804715,0.5,1.0,1.0,0.5
0.47276594419520124,0.46665061147873765,0.09090909090909091,1.0,1.0,1.0,0.75
0.477629196111175,0.681758197302936,1.0,0.5,1.0,1.0,0.5
0.5186768043485862,0.5001983418767397,0.09090909090909091,1.0,1.0,1.0,1.0
0.515941739858735,0.4697122685906397,0.0,0.5,0.5,0.5,0.5
0.4310411813752536,0.4697122685906397,0.0,1.0,1.0,0.5,0.75
0.5246391104789173,0.4697122685906397,0.0,0.5,1.0,0.5,0.5
0.49151275837932373,0.4626790285682,0.05601469237832874,1.0,1.0,1.0,0.0
0.515941739858735,0.4697122685906397,0.0,0.5,0.5,0.5,0.5
0.5165425253513706,0.4268538143997537,0.09090909090909091,1.0,1.0,1.0,0.25
0.5052785139502047,0.46727848400667493,0.08333333333333333,1.0,1.0,1.0,0.0
0.5307307798803358,0.46949546423640154,0.0606060606060606,1.0,1.0,1.0,0.5
0.5052387629843382,0.4679611507951396,0.08333333333333333,1.0,1.0,1.0,0.25
0.515941739858735,0.4697122685906397,0.0,1.0,0.5,0.5,0.5
0.515941739858735,0.47260551429467823,0.08333333333333333,0.5,0.5,1.0,0.5
0.515941739858735,0.4697122685906397,0.0,1.0,0.5,0.5,0.0
0.45144902237639317,0.45026436297599376,0.02453102453102453,1.0,1.0,1.0,0.75
0.515941739858735,0.4697122685906397,0.0,0.5,0.5,0.5,0.5
0.5287244830980351,0.37705771973524166,0.08333333333333333,1.0,1.0,1.0,0.75
0.5428669305006905,0.1727902774764548,0.08333333333333333,0.5,1.0,1.0,0.5
0.515941739858735,0.4571616395095239,0.2,1.0,0.5,1.0,1.0
0.515941739858735,0.48270006541203875,0.2,1.0,0.5,1.0,0.75
0.515941739858735,0.3918987835080991,0.09090909090909091,0.5,0.5,1.0,0.5
0.515941739858735,0.4697122685906397,0.0,1.0,0.5,0.5,0.5
0.42995144988227924,0.4697122685906397,0.0,1.0,1.0,0.5,0.75
0.515941739858735,0.4697122685906397,0.0,1.0,0.5,0.5,0.75
0.5390740192251636,0.2691708113322144,0.08333333333333333,1.0,1.0,1.0,1.0
0.515941739858735,0.4697122685906397,0.0,1.0,0.5,0.5,0.75
0.515941739858735,0.49197460571488566,0.09090909090909091,0.5,0.5,1.0,0.5
0.515941739858735,0.3595416481115061,0.08333333333333333,1.0,0.5,1.0,0.5
0.515941739858735,0.3577753055688319,0.08333333333333333,0.5,0.5,1.0,0.5
0.412753391886988,0.40450685140809883,0.08333333333333333,1.0,1.0,1.0,1.0
0.48684749851380105,0.45469131553234143,0.1,1.0,1.0,1.0,0.0
0.563356011839143,0.42156574562383675,0.1,0.5,1.0,1.0,0.5
0.515941739858735,0.3920426771412927,0.08333333333333333,0.5,0.5,1.0,0.5
0.5091001374124833,0.4697122685906397,0.0,1.0,1.0,0.5,0.75
0.515941739858735,0.4441531805312458,0.02104377104377103,1.0,0.5,1.0,0.75
0.48158467779151704,0.3873170243666641,0.08333333333333333,1.0,1.0,1.0,0.75
0.515941739858735,0.4697122685906397,0.0,1.0,0.5,0.5,0.0
0.5572961901142122,0.46126117455662,0.05723905723905724,0.5,1.0,1.0,0.5
0.515941739858735,0.4697122685906397,0.0,0.5,0.5,0.5,0.5
0.5069401879345317,0.4697122685906397,0.0,0.5,1.0,0.5,0.5
0.515941739858735,0.4697122685906397,0.0,1.0,0.5,0.5,0.5
0.516535766329653,0.4697122685906397,0.0,0.5,1.0,0.5,0.5
0.515941739858735,0.4697122685906397,0.0,0.5,0.5,0.5,0.5
0.5631505564677349,0.4697122685906397,0.0,1.0,1.0,0.5,0.25
0.4422357770217729,0.3495253956938978,0.08333333333333333,1.0,1.0,1.0,0.0
0.4904043826280226,0.46285623869358616,0.1,1.0,1.0,1.0,0.75
0.5478067260800753,0.3882783584025108,0.09090909090909091,1.0,1.0,1.0,0.0
0.4799843528941439,0.4673233426367413,0.08333333333333333,1.0,1.0,1.0,1.0
0.5588566272429849,0.41109133706448386,0.1,1.0,1.0,1.0,0.0
0.4651426320939838,0.4636147573474358,0.09090909090909091,0.5,1.0,1.0,0.5
0.49385599378118217,0.4697122685906397,0.0,0.5,1.0,0.5,0.5
0.5515040561619781,0.4311498623766888,0.037649219467401275,1.0,1.0,1.0,0.5
0.528844809159939,0.45744710351903717,0.04966329966329966,1.0,1.0,1.0,0.25
0.552872139243254,1.0,1.0,1.0,1.0,1.0,0.0
0.47321519726719724,0.4321983828056055,0.1,1.0,1.0,1.0,0.0
0.5209055293476259,0.4036355806493661,0.09090909090909091,1.0,1.0,1.0,1.0
0.515941739858735,0.4663412722975196,0.09090909090909091,1.0,0.5,1.0,0.75
0.5215038953095533,0.37302370547509095,0.08333333333333333,0.5,1.0,1.0,0.5
0.5279348056017513,0.4852227516446805,0.04713804713804713,0.5,1.0,1.0,0.5
0.5256365665734478,0.5525535979068147,0.1,1.0,1.0,1.0,0.0
0.5655358373009074,0.4641791604748164,0.1,0.5,1.0,1.0,0.5
0.5062222573826962,0.39474343854177374,0.1111111111111111,1.0,1.0,1.0,1.0
0.5170181233135154,0.33619732577315886,0.038383838383838374,0.5,1.0,1.0,0.5
0.515941739858735,0.46063206625374975,0.08333333333333333,0.5,0.5,1.0,0.5
0.583954899812713,0.4697122685906397,0.0,0.5,1.0,0.5,0.5
0.553295317205281,0.0,0.08333333333333333,0.5,1.0,1.0,0.5
0.5291395957106984,0.3710556350323608,0.08333333333333333,1.0,1.0,1.0,0.75
0.515941739858735,0.47231434100497466,0.08333333333333333,1.0,0.5,1.0,0.25
0.5291823813921597,0.3950277656383487,0.09090909090909091,1.0,1.0,1.0,1.0
0.515941739858735,0.4697122685906397,0.0,0.5,0.5,0.5,0.5
0.5667268680592015,0.4697122685906397,0.0,1.0,1.0,0.5,0.75
0.515941739858735,0.20785205460681822,0.08333333333333333,0.5,0.5,1.0,0.5
0.5007722709769794,0.40359200722523003,0.08333333333333333,0.5,1.0,1.0,0.5
0.4973967872881127,0.41958983048183207,0.09090909090909091,1.0,1.0,1.0,0.75
0.5504815378065689,0.4048491363490295,0.06902356902356901,1.0,1.0,1.0,0.5
0.515941739858735,0.4697122685906397,0.0,1.0,0.5,0.5,0.25
0.5108533035358738,0.4697122685906397,0.0,0.5,1.0,0.5,0.5
0.5170501546965315,0.47816559196263847,0.1,0.5,1.0,1.0,0.5
0.515941739858735,0.4728735785931355,0.08333333333333333,1.0,0.5,1.0,0.75
0.5063033227742467,0.3668419143814593,0.08333333333333333,0.5,1.0,1.0,0.5
0.515941739858735,0.4697122685906397,0.0,0.5,0.5,0.5,0.5
0.515941739858735,0.4697122685906397,0.0,0.5,0.5,0.5,0.5
0.515941739858735,0.4697122685906397,0.0,1.0,0.5,0.5,0.5
0.515941739858735,0.4697122685906397,0.0,0.5,0.5,0.5,0.5
0.515941739858735,0.4840477521229254,0.09090909090909091,1.0,0.5,1.0,0.0
0.5082915746244843,0.400698217780221,0.08333333333333333,1.0,1.0,1.0,0.0
0.515941739858735,0.46396927646020275,0.058361391694725026,1.0,0.5,1.0,0.25
0.5190750696794953,0.46757618218802455,0.020202020202020193,1.0,1.0,1.0,1.0
0.515941739858735,0.4210742433313012,0.09090909090909091,0.5,0.5,1.0,0.5
0.515941739858735,0.46303175827886406,0.1,0.5,0.5,1.0,0.5
0.5371786836012294,0.4697122685906397,0.0,1.0,1.0,0.5,0.25
0.5161046914582404,0.396631307191355,0.08333333333333333,0.5,1.0,1.0,0.5
0.5517936714586188,0.470896536424392,0.09090909090909091,1.0,1.0,1.0,1.0
0.5307357243220094,0.4288558439376416,0.04377104377104376,1.0,1.0,1.0,0.25
0.8311042104538141,0.26777747509530425,0.08333333333333333,1.0,1.0,1.0,0.25
0.545402208637146,0.46430194707215505,0.09090909090909091,0.5,1.0,1.0,0.5
0.4836360478174803,0.5207662832749084,0.08333333333333333,1.0,1.0,1.0,0.0
0.515941739858735,0.4697122685906397,0.0,1.0,0.5,0.5,0.75
0.515941739858735,0.2715135193036201,0.08333333333333333,0.5,0.5,1.0,0.5
0.515941739858735,0.4675797165043328,0.020202020202020193,0.5,0.5,1.0,0.5
0.515941739858735,0.4697122685906397,0.0,0.5,0.5,0.5,0.5
0.515941739858735,0.4697122685906397,0.0,0.5,0.5,0.5,0.5
0.5140577881501176,0.4608941494015315,0.08333333333333333,1.0,1.0,1.0,0.25
0.548213322418299,0.47176061850380036,0.03318903318903318,0.5,1.0,1.0,0.5
0.515941739858735,0.4697122685906397,0.0,0.5,0.5,0.5,0.5
0.515941739858735,0.4697122685906397,0.0,0.5,0.5,0.5,0.5
0.48218273374388737,0.4004763714642564,0.08333333333333333,0.5,1.0,1.0,0.5
0.49735192902017494,0.4355419547814134,0.08333333333333333,1.0,1.0,1.0,0.75
0.515941739858735,0.4697122685906397,0.0,0.5,0.5,0.5,0.5
0.515941739858735,0.43953382911635025,0.08333333333333333,1.0,0.5,1.0,0.25
0.0,0.37381348923474444,0.125,0.5,1.0,1.0,0.5
0.515941739858735,0.4644739669428228,0.09090909090909091,1.0,0.5,1.0,1.0
0.515941739858735,0.4697122685906397,0.0,1.0,0.5,0.5,0.5
0.515941739858735,0.4697122685906397,0.0,1.0,0.5,0.5,0.25
0.515941739858735,0.4608449408437011,0.03703703703703703,0.5,0.5,1.0,0.5
0.515941739858735,0.3902767547620958,0.09090909090909091,0.5,0.5,1.0,0.5
0.5915908375626223,0.44621058761542937,0.1,0.5,1.0,1.0,0.5
0.515941739858735,0.4697122685906397,0.0,1.0,0.5,0.5,0.5
0.5070569275067458,0.46699519496104364,0.08333333333333333,1.0,1.0,1.0,0.0
0.6930009063376562,0.4697122685906397,0.0,1.0,1.0,0.5,0.5
0.515941739858735,0.4697122685906397,0.0,0.5,0.5,0.5,0.5
0.529860844780074,0.4642669202674553,0.1,0.5,1.0,1.0,0.5
0.515941739858735,0.4697122685906397,0.0,0.5,0.5,0.5,0.5
0.42995144988227924,0.4817539561233661,0.08333333333333333,1.0,1.0,1.0,0.5
0.515941739858735,0.4697122685906397,0.0,1.0,0.5,0.5,0.5
0.5483265429667681,0.46941239544540814,0.06144781144781144,1.0,1.0,1.0,0.25
0.5052903571583242,0.4719878245521885,0.036363636363636355,1.0,1.0,1.0,0.25
0.6033765965106402,0.4697122685906397,0.0,1.0,1.0,0.5,0.25
0.5064770752753265,0.4697122685906397,0.0,1.0,1.0,0.5,0.25
0.515941739858735,0.4697122685906397,0.0,0.5,0.5,0.5,0.5
0.5032547938972445,0.3688442652208298,0.09090909090909091,1.0,1.0,1.0,0.0
0.515941739858735,0.4697122685906397,0.0,0.5,0.5,0.5,0.5
0.603072313195606,0.46007174118364796,0.06481481481481481,0.5,1.0,1.0,0.5
0.5677286792433152,0.21936848836204023,0.1111111111111111,1.0,1.0,1.0,1.0
0.515941739858735,0.4736301941535883,0.04124579124579123,1.0,0.5,1.0,0.25
0.515941739858735,0.42022422790141545,0.08333333333333333,0.5,0.5,1.0,0.5
0.515941739858735,0.4697122685906397,0.0,0.5,0.5,0.5,0.5
0.515941739858735,0.5053262146765475,0.08333333333333333,0.5,0.5,1.0,0.5
0.45861487987443117,0.3963653684257824,0.09090909090909091,1.0,1.0,1.0,0.0
0.515941739858735,0.4602834376681632,0.0606060606060606,1.0,0.5,1.0,0.25
0.515941739858735,0.4003243958630012,0.08333333333333333,1.0,0.5,1.0,0.75
0.5323504252878487,0.4924153028283774,0.1,0.5,1.0,1.0,0.5
0.509846461470904,0.395461374346825,0.09090909090909091,1.0,1.0,1.0,0.0
0.515941739858735,0.4697122685906397,0.0,0.5,0.5,0.5,0.5
0.515941739858735,0.4660800789076896,0.08333333333333333,1.0,0.5,1.0,0.0
0.5525015591603031,0.4630517135724815,0.08333333333333333,1.0,1.0,1.0,0.0
0.515941739858735,0.4697122685906397,0.0,0.5,0.5,0.5,0.5
0.515941739858735,0.4697122685906397,0.0,0.5,0.5,0.5,0.5
0.5048599366704966,0.39072193032394453,0.09090909090909091,1.0,1.0,1.0,0.5
0.515941739858735,0.3579898113816948,0.08333333333333333,0.5,0.5,1.0,0.5
0.4900604329641449,0.4697122685906397,0.0,0.5,1.0,0.5,0.5
0.515941739858735,0.4697122685906397,0.0,0.5,0.5,0.5,0.5
0.4883613705976684,0.5084418504375211,0.08333333333333333,1.0,1.0,1.0,1.0
0.5454079593417417,0.4761683226297923,0.1,1.0,1.0,1.0,0.0
0.5066647721596903,0.5391955431431026,0.09090909090909091,1.0,1.0,1.0,0.75
0.5046907703182156,0.397597979774912,0.09090909090909091,1.0,1.0,1.0,0.5
0.5018922163309318,0.4637380777995455,0.1,0.5,1.0,1.0,0.5
0.515941739858735,0.35663399327174927,0.08333333333333333,1.0,0.5,1.0,0.75
0.4949058765920515,0.4651596737376225,0.09090909090909091,0.5,1.0,1.0,0.5
0.5316900015650231,0.46491502325489503,0.1111111111111111,0.5,1.0,1.0,0.5
0.5433686393649669,0.4624147704565363,0.09090909090909091,0.5,1.0,1.0,0.5
0.5207302524732239,0.4651051513475804,0.04713804713804713,1.0,1.0,1.0,0.0
0.48933582298674705,0.4613082081505684,0.09090909090909091,1.0,1.0,1.0,0.75
0.515941739858735,0.4697122685906397,0.0,1.0,0.5,0.5,0.75
0.5599459808998366,0.48212913739301216,0.08539944903581267,1.0,1.0,1.0,0.25
0.5093222073363475,0.4690972975530025,0.1,1.0,1.0,1.0,0.75
0.5288892316741131,0.3646659618795069,0.09090909090909091,1.0,1.0,1.0,0.25
0.515941739858735,0.4697122685906397,0.0,1.0,0.5,0.5,0.0
0.515941739858735,0.4697122685906397,0.0,0.5,0.5,0.5,0.5
0.5015272163505573,0.4697122685906397,0.0,0.5,1.0,0.5,0.5
0.515941739858735,0.46991682394374235,0.1,1.0,0.5,1.0,0.75
0.515941739858735,0.4830782125415239,0.09090909090909091,0.5,0.5,1.0,0.5
0.5216363295529395,0.4028141857669276,0.08333333333333333,1.0,1.0,1.0,0.75
0.515941739858735,0.33604687264662114,0.08333333333333333,1.0,0.5,1.0,0.75
0.14564800797239424,0.4697122685906397,0.0,1.0,1.0,0.5,0.25
0.515941739858735,0.4697122685906397,0.0,1.0,0.5,0.5,0.5
0.515941739858735,0.3696976419585333,0.054713804713804715,1.0,0.5,1.0,0.25
0.4422357770217729,0.40057125426360884,0.06818181818181818,1.0,1.0,1.0,1.0
0.515941739858735,0.46362899347466346,0.08999081726354452,0.5,0.5,1.0,0.5
0.515941739858735,0.46143326857378375,0.03282828282828282,1.0,0.5,1.0,0.5
0.5431798479590616,0.3367300831760563,0.06902356902356901,1.0,1.0,1.0,0.0
0.551369022743285,0.4697122685906397,0.0,1.0,1.0,0.5,0.0
0.5574389339955731,0.4663649991762324,0.09090909090909091,1.0,1.0,1.0,0.75
0.44280257587598915,0.4697122685906397,0.0,0.5,1.0,0.5,0.5
0.48584890488380916,0.31962154540971155,0.08333333333333333,1.0,1.0,1.0,0.25
0.4588931062348883,0.4465856799092803,0.09090909090909091,1.0,1.0,1.0,1.0
0.515941739858735,0.49754241439082647,0.05601469237832874,0.5,0.5,1.0,0.5
0.5046334434582312,0.46367576508432606,0.1,0.5,1.0,1.0,0.5
0.5384623101692689,0.47952214659444403,0.09090909090909091,0.5,1.0,1.0,0.5
0.5544453866793424,0.24316951357081076,0.09090909090909091,1.0,1.0,1.0,0.25
0.5145838098628569,0.44247974354803143,0.09090909090909091,1.0,1.0,1.0,0.5
0.515941739858735,0.4697122685906397,0.0,0.5,0.5,0.5,0.5
0.5621794067013952,0.4653713125526409,0.08333333333333333,0.5,1.0,1.0,0.5
0.515941739858735,0.4656135491549993,0.08333333333333333,1.0,0.5,1.0,0.5
0.515941739858735,0.4698887372510661,0.03581267217630853,1.0,0.5,1.0,1.0
0.5160853436429957,0.4697122685906397,0.0,1.0,1.0,0.5,1.0
0.5241774598812301,0.40425156502244836,0.08333333333333333,0.5,1.0,1.0,0.5
0.5164039376673585,0.355202595166904,0.08333333333333333,1.0,1.0,1.0,1.0
0.5131629636381458,0.407819321400394,0.08333333333333333,0.5,1.0,1.0,0.5
0.562066358133506,0.4416008604157117,0.08333333333333333,1.0,1.0,1.0,0.25
0.515941739858735,0.4697122685906397,0.0,0.5,0.5,0.5,0.5
0.515941739858735,0.4711527867144901,0.06703397612488521,0.5,0.5,1.0,0.5
0.6017002469172089,0.45853975099926,0.035353535353535345,1.0,1.0,1.0,0.25
0.515941739858735,0.48822392993136354,0.08333333333333333,1.0,0.5,1.0,0.0
0.4520146235087133,0.48637602624311416,0.08333333333333333,0.5,1.0,1.0,0.5
0.5118967566182425,0.4644564683697721,0.08333333333333333,1.0,1.0,1.0,0.5
0.515941739858735,0.4697122685906397,0.0,0.5,0.5,0.5,0.5
0.515941739858735,0.465517741995997,0.1,0.5,0.5,1.0,0.5
0.515941739858735,0.4697122685906397,0.0,1.0,0.5,0.5,0.5
0.5270106966188043,0.4697122685906397,0.0,1.0,1.0,0.5,1.0
0.4881257728377311,0.4190687783390997,0.08333333333333333,1.0,1.0,1.0,0.25
0.515941739858735,0.4088885880188852,0.08333333333333333,0.5,0.5,1.0,0.5
0.5491883748379024,0.46100284322153473,0.1,0.5,1.0,1.0,0.5
0.5131287108393052,0.3962678163525747,0.08333333333333333,1.0,1.0,1.0,0.0
0.571052867567337,0.24766074478375696,0.07474747474747474,0.5,1.0,1.0,0.5
0.515941739858735,0.46325996636418354,0.03198653198653197,1.0,0.5,1.0,0.25
0.515941739858735,0.4697122685906397,0.0,0.5,0.5,0.5,0.5
0.515941739858735,0.4697122685906397,0.0,1.0,0.5,0.5,0.5
0.5498606232180498,0.4697122685906397,0.0,0.5,1.0,0.5,0.5
0.5396580051513915,0.40339860844822206,0.09090909090909091,1.0,1.0,1.0,0.75
0.5135340117393943,0.45015716832752345,0.026936026936026924,1.0,1.0,1.0,0.0
0.7677883813359794,0.3796676763936489,0.08333333333333333,1.0,1.0,1.0,0.25
0.4643475658728615,0.1899836388341976,1.0,1.0,1.0,1.0,0.0
0.4975973307899266,0.48893949304854356,0.1,1.0,1.0,1.0,0.0
0.4729465948705071,0.38805243402926737,0.25,1.0,1.0,1.0,1.0
0.5092031824433051,0.30724246660478893,0.1,1.0,1.0,1.0,0.0
0.5369054559692451,0.41013565793473045,0.08333333333333333,1.0,1.0,1.0,1.0
0.5131286066086508,0.47434684475270933,0.08333333333333333,1.0,1.0,1.0,1.0
0.49731002557009435,0.4529465595061962,0.08333333333333333,0.5,1.0,1.0,0.5
0.5196226053342866,0.44647767318013976,0.08333333333333333,1.0,1.0,1.0,0.0
0.515941739858735,0.37220020977526647,0.08333333333333333,1.0,0.5,1.0,1.0
0.47966544617781753,0.41749002643124855,0.08333333333333333,1.0,1.0,1.0,0.75
0.42995144988227924,0.19651858968817,0.08333333333333333,1.0,1.0,1.0,0.75
0.5266353490030571,0.41485216597485514,0.09090909090909091,1.0,1.0,1.0,1.0
0.5251192489889495,0.4697122685906397,0.0,1.0,1.0,0.5,0.0
0.515941739858735,0.46323685737293724,0.08333333333333333,1.0,0.5,1.0,0.25
0.4988443621612913,0.48126263178242096,0.1,0.5,1.0,1.0,0.5
0.515941739858735,0.4697122685906397,0.0,1.0,0.5,0.5,0.5
0.515941739858735,0.13335573546131807,0.08333333333333333,1.0,0.5,1.0,0.0
0.4644641687060696,0.39919504586726956,0.06734006734006734,1.0,1.0,1.0,1.0
0.5538299215252612,0.4323428547814678,0.06818181818181818,0.5,1.0,1.0,0.5
0.46903794532612275,0.46864617379447643,0.1111111111111111,0.5,1.0,1.0,0.5
0.5407044865065264,0.4697122685906397,0.0,1.0,1.0,0.5,0.75
0.5082779985817334,0.4561380471325548,0.020202020202020193,0.5,1.0,1.0,0.5
0.515941739858735,0.4697122685906397,0.0,1.0,0.5,0.5,0.5
0.515941739858735,0.4656391049806129,0.0765993265993266,1.0,0.5,1.0,1.0
0.515941739858735,0.4697122685906397,0.0,0.5,0.5,0.5,0.5
0.515941739858735,0.45784319410054886,0.09090909090909091,0.5,0.5,1.0,0.5
0.515941739858735,0.4697122685906397,0.0,1.0,0.5,0.5,0.5
0.515941739858735,0.46629186601569994,0.047979797979797977,0.5,0.5,1.0,0.5
0.6153102428037461,0.4612489403847837,0.0765993265993266,0.5,1.0,1.0,0.5
0.5234878655280022,0.46040451065759486,0.035353535353535345,0.5,1.0,1.0,0.5
0.515941739858735,0.4697122685906397,0.0,1.0,0.5,0.5,0.5
0.47631182486873574,0.42756364352124476,0.08333333333333333,1.0,1.0,1.0,0.25
0.5133493671349176,0.473147352171783,0.08333333333333333,1.0,1.0,1.0,0.75
0.515941739858735,0.3061840748057078,0.047979797979797977,0.5,0.5,1.0,0.5
0.515941739858735,0.46821806840370156,0.1111111111111111,1.0,0.5,1.0,1.0
0.5143384118156286,0.4697122685906397,0.0,1.0,1.0,0.5,0.75
0.4957967946259507,0.47908772227451196,0.04713804713804713,1.0,1.0,1.0,0.25
0.6185615200331578,0.42467474774497027,0.04461279461279461,0.5,1.0,1.0,0.5
0.515941739858735,0.4697122685906397,0.0,1.0,0.5,0.5,0.5
0.4961934248384671,0.46470658921620284,0.04629629629629629,1.0,1.0,1.0,0.25
0.515941739858735,0.4697122685906397,0.0,0.5,0.5,0.5,0.5
0.5561411685392484,0.4697122685906397,0.0,1.0,1.0,0.5,0.5
0.5970440665840012,0.469996645118212,0.010101010101010097,1.0,1.0,1.0,0.25
0.5227928508466668,0.4697122685906397,0.0,0.5,1.0,0.5,0.5
0.5060478942259341,0.45945751161097054,0.09090909090909091,1.0,1.0,1.0,0.25
0.515941739858735,0.4697122685906397,0.0,0.5,0.5,0.5,0.5
0.515941739858735,0.47273329342274606,0.09090909090909091,1.0,0.5,1.0,0.75
0.515941739858735,0.4662657664491159,0.06649831649831649,0.5,0.5,1.0,0.5
0.5000051594173985,0.4697122685906397,0.0,0.5,1.0,0.5,0.5
0.475648320826095,0.3050029458402852,0.09090909090909091,1.0,1.0,1.0,0.0
0.515941739858735,0.4697122685906397,0.0,0.5,0.5,0.5,0.5
0.515941739858735,0.46387221869696826,0.08333333333333333,0.5,0.5,1.0,0.5
0.515941739858735,0.39699642925304673,0.08333333333333333,1.0,0.5,1.0,0.25
0.515941739858735,0.4697122685906397,0.0,0.5,0.5,0.5,0.5
0.515941739858735,0.4697122685906397,0.0,0.5,0.5,0.5,0.5
0.515941739858735,0.4697122685906397,0.0,0.5,0.5,0.5,0.5
0.515941739858735,0.40531781635010317,0.09090909090909091,0.5,0.5,1.0,0.5
0.5207352685734725,0.3974686682859273,0.08333333333333333,0.5,1.0,1.0,0.5
0.515941739858735,0.4697122685906397,0.0,0.5,0.5,0.5,0.5
0.4958406496738388,0.4697122685906397,0.0,1.0,1.0,0.5,0.25
0.5051799945116394,0.4328030326510027,0.09090909090909091,1.0,1.0,1.0,0.25
0.4916855988621764,0.46981073513729776,0.09090909090909091,0.5,1.0,1.0,0.5
0.515941739858735,0.4697122685906397,0.0,1.0,0.5,0.5,0.5
0.507512541683793,0.49203147607730036,0.08333333333333333,0.5,1.0,1.0,0.5
0.515941739858735,0.4697122685906397,0.0,0.5,0.5,0.5,0.5
0.5184524515872618,0.4920514214847183,0.09090909090909091,1.0,1.0,1.0,0.75
0.4643475658728616,0.4494952996311805,0.125,0.5,1.0,1.0,0.5
0.45224873207317423,0.39999217013002475,0.08333333333333333,0.5,1.0,1.0,0.5
0.45973633657287416,0.4697122685906397,0.0,0.5,1.0,0.5,0.5
0.515941739858735,0.4697122685906397,0.0,0.5,0.5,0.5,0.5
0.48518100669405734,0.46789182382140065,0.1111111111111111,1.0,1.0,1.0,1.0
0.515941739858735,0.46921066754535207,0.08333333333333333,1.0,0.5,1.0,1.0
0.5470773625213338,0.17922824471368853,0.09090909090909091,1.0,1.0,1.0,1.0
0.515941739858735,0.4602840967481274,0.09090909090909091,1.0,0.5,1.0,0.0
0.515941739858735,0.4697122685906397,0.0,0.5,0.5,0.5,0.5
0.515941739858735,0.3725123170923343,0.04966329966329966,1.0,0.5,1.0,0.25
0.48118467962597655,0.483943650442573,0.05417814508723599,1.0,1.0,1.0,1.0
0.5117516162861774,0.4940739302847952,0.1,0.5,1.0,1.0,0.5
0.515941739858735,0.4311243312665739,0.03619528619528618,1.0,0.5,1.0,0.0
0.5108370696114327,0.4555882508648818,0.09090909090909091,1.0,1.0,1.0,0.0
0.515941739858735,0.4697122685906397,0.0,0.5,0.5,0.5,0.5
0.515941739858735,0.4077274291763792,0.08333333333333333,1.0,0.5,1.0,0.75
0.464776829400424,0.4195467266521705,0.08333333333333333,0.5,1.0,1.0,0.5
0.4953104335458439,0.4248969400779161,0.09090909090909091,1.0,1.0,1.0,1.0
0.4915925469453564,0.4697122685906397,0.0,1.0,1.0,0.5,0.75
0.515941739858735,0.4726709444581286,0.1111111111111111,0.5,0.5,1.0,0.5
0.515941739858735,0.3542602920650249,0.08333333333333333,1.0,0.5,1.0,0.75
0.515941739858735,0.46935747760738744,0.08333333333333333,1.0,0.5,1.0,1.0
0.515941739858735,0.4697122685906397,0.0,0.5,0.5,0.5,0.5
0.515941739858735,0.4697122685906397,0.0,1.0,0.5,0.5,0.0
0.515941739858735,0.4697122685906397,0.0,1.0,0.5,0.5,0.25
0.5352964343266358,0.3897999631343622,0.1,1.0,1.0,1.0,0.75
0.4924542087374159,0.469630163704094,0.08333333333333333,1.0,1.0,1.0,0.25
0.5546282241082063,0.452772760119625,0.09090909090909091,0.5,1.0,1.0,0.5
0.515941739858735,0.4697122685906397,0.0,1.0,0.5,0.5,0.5
0.5062831305089028,0.4697122685906397,0.0,1.0,1.0,0.5,0.25
0.4835405985956065,0.4697122685906397,0.0,1.0,1.0,0.5,0.0
0.5869313103830981,0.469832979086091,0.010101010101010097,1.0,1.0,1.0,0.25
0.5145291539133946,0.34117761244427336,0.07912457912457911,0.5,1.0,1.0,0.5
0.5122701108227221,0.4641394673839697,0.08333333333333333,0.5,1.0,1.0,0.5
0.515941739858735,0.4697122685906397,0.0,0.5,0.5,0.5,0.5
0.4846700419679518,0.4697503304585748,0.08333333333333333,1.0,1.0,1.0,1.0
0.515941739858735,0.4697122685906397,0.0,1.0,0.5,0.5,0.5
0.515941739858735,0.4024895724075382,0.08333333333333333,1.0,0.5,1.0,1.0
0.5448662694754985,0.5111534866574122,0.125,1.0,1.0,1.0,0.75
0.515941739858735,0.38724343808865624,0.1111111111111111,1.0,0.5,1.0,0.5
0.0,0.35888005128564837,0.125,1.0,1.0,1.0,0.0
0.4980586258866314,0.4637394552766708,0.1111111111111111,1.0,1.0,1.0,0.0
0.4700014274388135,0.4697122685906397,0.0,0.5,1.0,0.5,0.5
0.5189019555911745,0.37655040940976375,0.08333333333333333,0.5,1.0,1.0,0.5
0.515941739858735,0.47262862328592453,0.08333333333333333,1.0,0.5,1.0,0.5
0.515941739858735,0.4698158512455202,0.010101010101010097,1.0,0.5,1.0,0.0
0.5511757139656516,0.45253460157454534,0.09090909090909091,0.5,1.0,1.0,0.5
0.511172145108041,0.4027203904495161,0.08333333333333333,1.0,1.0,1.0,0.0
0.515941739858735,0.5420377925349077,0.05499438832772166,1.0,0.5,1.0,0.25
0.5029838630621829,0.4671585891226794,0.08333333333333333,1.0,1.0,1.0,0.75
0.4909091847166799,0.4657006465722742,0.09090909090909091,1.0,1.0,1.0,0.75
0.46803292159749316,0.4817341095779428,0.08333333333333333,0.5,1.0,1.0,0.5
0.5163390149984263,0.4909896683778195,0.08333333333333333,1.0,1.0,1.0,0.75
0.5039233069801757,0.4697122685906397,0.0,0.5,1.0,0.5,0.5
0.515941739858735,0.3098165363591431,0.08333333333333333,0.5,0.5,1.0,0.5
0.515941739858735,0.39930678463670766,0.07996632996632996,0.5,0.5,1.0,0.5
0.5097942940283182,0.4697122685906397,0.0,0.5,1.0,0.5,0.5
0.515941739858735,0.47083543971170655,0.09090909090909091,0.5,0.5,1.0,0.5
0.515941739858735,0.4697122685906397,0.0,0.5,0.5,0.5,0.5
0.4778594044017691,0.3724277653714213,0.08333333333333333,1.0,1.0,1.0,0.0
0.4611236842995337,0.4697122685906397,0.0,1.0,1.0,0.5,0.75
0.505529003664906,0.4633589815949119,0.0898989898989899,1.0,1.0,1.0,0.75
0.515941739858735,0.28553986137867704,0.08333333333333333,0.5,0.5,1.0,0.5
0.4809260638288723,0.46277957121674546,0.1,1.0,1.0,1.0,1.0
0.515941739858735,0.46675263705720266,0.09090909090909091,0.5,0.5,1.0,0.5
0.515941739858735,0.46200419659281033,0.08333333333333333,0.5,0.5,1.0,0.5
0.515941739858735,0.4697122685906397,0.0,1.0,0.5,0.5,1.0
0.5049347106205779,0.4697122685906397,0.0,1.0,1.0,0.5,0.25
0.5506281754473807,0.45046465384634204,0.08333333333333333,1.0,1.0,1.0,0.75
0.44600952231902535,0.4170126218591482,0.08333333333333333,1.0,1.0,1.0,0.75
0.5173789242385415,0.40058811023369445,0.08333333333333333,1.0,1.0,1.0,0.75
0.5506448523521035,0.4718654828338257,0.1,0.5,1.0,1.0,0.5
0.517493494855691,0.38384496639952675,0.08333333333333333,1.0,1.0,1.0,0.25
0.515941739858735,0.4697122685906397,0.0,1.0,0.5,0.5,0.5
0.5478738431765374,0.469467585153914,0.010101010101010097,0.5,1.0,1.0,0.5
0.515941739858735,0.4697122685906397,0.0,0.5,0.5,0.5,0.5
0.515941739858735,0.4697122685906397,0.0,1.0,0.5,0.5,0.5
0.4691373813705319,0.41638541664967477,0.08333333333333333,1.0,1.0,1.0,0.5
0.5159481095098444,0.5249658666605768,0.08333333333333333,0.5,1.0,1.0,0.5
0.5124662989721867,0.4839993344610521,0.08333333333333333,1.0,1.0,1.0,0.75
0.5585814084656168,0.47314082728013696,0.08333333333333333,0.5,1.0,1.0,0.5
0.515941739858735,0.4697122685906397,0.0,0.5,0.5,0.5,0.5
0.515941739858735,0.4226911806845808,0.05892255892255892,1.0,0.5,1.0,0.0
0.5013296248587609,0.6299701323084903,0.6767676767676768,0.5,1.0,1.0,0.5
0.4680537473708468,0.3760678392984437,0.08333333333333333,0.5,1.0,1.0,0.5
0.515941739858735,0.48114088817912565,0.08333333333333333,1.0,0.5,1.0,0.0
0.5556326688681222,0.4697122685906397,0.0,1.0,1.0,0.5,1.0
0.5425461584150644,0.4782743764061368,0.1111111111111111,1.0,1.0,1.0,0.25
0.5133634643309409,0.3998119199983035,0.08333333333333333,1.0,1.0,1.0,0.0
0.515941739858735,0.4617084015048575,0.047979797979797977,0.5,0.5,1.0,0.5
0.515941739858735,0.48983666564987105,0.1,0.5,0.5,1.0,0.5
0.5105392565738143,0.3583130653886579,0.08333333333333333,0.5,1.0,1.0,0.5
0.46048532792269686,0.46811312639639474,0.08333333333333333,1.0,1.0,1.0,0.25
0.4984722391814182,0.4697122685906397,0.0,0.5,1.0,0.5,0.5
0.5391015046580939,0.39105410662592366,0.09090909090909091,0.5,1.0,1.0,0.5
0.515941739858735,0.49332612332806447,0.08333333333333333,1.0,0.5,1.0,0.75
0.515941739858735,0.4697122685906397,0.0,0.5,0.5,0.5,0.5
0.515941739858735,0.42390589801268114,0.03703703703703703,0.5,0.5,1.0,0.5
0.4429518587991812,0.4697122685906397,0.0,1.0,1.0,0.5,0.75
0.4422357770217729,0.44577162552994354,0.08333333333333333,0.5,1.0,1.0,0.5
0.5162075931719122,0.44032652930484545,0.09090909090909091,0.5,1.0,1.0,0.5
0.4729465948705071,0.3799953347024731,0.1,0.5,1.0,1.0,0.5
