creditSpendtoLimitRatio,averageMonthlySpending,numTnxMonthlyAverage,numAccounts,incomeToSavingsRanking
0.5,0.6666666666666666,0.0,0.0,0.5
0.3836674242424243,0.5900727777777778,0.21666666666666667,1.0,0.75
0.5791729166666665,0.6666666666666666,0.0,0.6666666666666666,0.25
1.0,0.6397816666666666,0.3875,1.0,0.25
0.9339085820895523,0.3372915151515151,0.45,1.0,0.25
0.5,0.6666666666666666,0.0,0.0,0.5
0.2827045454545455,0.5122569696969697,0.45,1.0,0.5
0.43928472222222226,0.5251422222222222,0.41250000000000003,1.0,0.5
0.5,0.6666666666666666,0.0,0.3333333333333333,0.5
0.6095058333333332,0.6585739393939394,0.45,1.0,1.0
0.46677272727272723,0.6639044444444444,0.37916666666666665,0.6666666666666666,0.5
0.5,0.6666666666666666,0.0,0.3333333333333333,0.5
0.5,0.6666666666666666,0.0,0.0,0.5
0.5,0.5227872222222222,0.41250000000000003,0.3333333333333333,0.5
0.5,0.6666666666666666,0.0,0.0,0.5
0.5,0.6666666666666666,0.0,0.0,0.5
0.5,0.6126338888888888,0.2625,0.6666666666666666,0.25
0.5,0.7008654545454545,0.45,0.6666666666666666,0.5
0.39309791666666677,0.6530424242424242,0.45,1.0,0.75
0.4506528925619835,0.5298555555555555,0.55,1.0,1.0
0.27539957264957277,0.5681561111111111,0.41250000000000003,1.0,0.25
0.5,0.6666666666666666,0.0,0.0,0.5
0.5,0.6666666666666666,0.0,0.0,0.5
0.3268291666666667,0.4947173333333333,0.49500000000000005,1.0,0.75
0.5,0.5237738888888889,0.41250000000000003,0.3333333333333333,0.5
0.5341727272727272,0.6666666666666666,0.0,0.6666666666666666,0.75
0.29834375,0.6607806060606061,0.45,0.6666666666666666,0.5
0.342675,0.6597193333333333,0.49500000000000005,0.6666666666666666,0.5
0.5,0.6666666666666666,0.0,0.3333333333333333,0.0
0.7073920454545453,0.6666666666666666,0.0,0.3333333333333333,0.5
0.28019507575757574,0.4492966666666666,0.49500000000000005,0.6666666666666666,0.5
0.41593839712918673,0.6666666666666666,0.0,0.3333333333333333,0.5
0.2222222222222222,0.6230538888888888,0.41250000000000003,0.6666666666666666,0.5
0.5105088383838382,0.6681739393939393,0.42727272727272725,0.6666666666666666,0.5
0.5,0.27205481481481486,0.55,0.6666666666666666,0.25
0.5060885416666665,0.6651725925925925,0.55,1.0,1.0
0.5,0.6666666666666666,0.0,0.3333333333333333,0.5
0.468159090909091,0.6558911111111111,0.41250000000000003,1.0,0.75
0.6176708333333333,0.5789955555555555,0.1875,1.0,1.0
0.3558276515151515,0.655714,0.49500000000000005,0.6666666666666666,0.5
0.5781493055555555,0.5237588888888889,0.41250000000000003,1.0,1.0
0.46070128205128225,0.37763888888888886,0.41250000000000003,0.6666666666666666,0.5
0.5,0.6627505555555555,0.41250000000000003,0.6666666666666666,0.25
0.34821250000000004,0.4278733333333333,0.41250000000000003,0.6666666666666666,0.5
0.6177849999999998,0.5231569696969697,0.45,0.6666666666666666,0.5
0.3185145833333335,0.525990303030303,0.45,0.6666666666666666,0.5
0.566140049140049,0.6574088888888888,0.55,0.6666666666666666,0.5
0.36099791666666675,0.6663627777777777,0.41250000000000003,1.0,1.0
0.36624375000000026,0.6666666666666666,0.0,0.3333333333333333,0.5
0.69933066581306,0.6193622222222221,0.41250000000000003,0.6666666666666666,0.5
0.5,0.6666666666666666,0.0,0.3333333333333333,0.5
0.5,0.6666666666666666,0.0,0.3333333333333333,0.5
0.5,0.6666666666666666,0.0,0.0,0.5
0.49007727272727275,0.6719999999999999,0.41250000000000003,1.0,0.75
0.38846621621621624,0.6978866666666667,1.0,0.6666666666666666,0.5
0.5178854166666665,0.4841766666666666,0.41250000000000003,0.6666666666666666,0.5
0.5,0.6666666666666666,0.0,0.0,0.5
0.6356430555555554,0.6577261111111111,0.41250000000000003,1.0,0.25
0.5,0.30978055555555556,0.41250000000000003,0.3333333333333333,0.5
0.5107666666666665,0.6666666666666666,0.0,0.3333333333333333,0.5
0.5032888888888888,0.654734074074074,0.55,0.6666666666666666,0.5
0.5,0.6666666666666666,0.0,0.0,0.5
0.3761083333333335,0.6692427777777777,0.41250000000000003,1.0,0.75
0.45075486111111124,0.560821111111111,0.41250000000000003,1.0,0.0
0.5,0.6279777777777777,0.41250000000000003,0.3333333333333333,0.5
0.4102126623376625,0.6666666666666666,0.0,0.3333333333333333,0.5
0.4295833333333335,0.3621105555555555,0.41250000000000003,1.0,0.0
0.5,0.6666666666666666,0.0,0.3333333333333333,0.25
0.5,0.6666666666666666,0.0,0.3333333333333333,0.5
0.6417295454545453,0.6896766666666666,0.41250000000000003,1.0,0.75
0.4810284722222222,0.5251022222222222,0.41250000000000003,0.6666666666666666,0.5
0.5,0.6666666666666666,0.0,0.0,0.5
0.48405625000000024,0.6468829629629629,0.55,0.6666666666666666,0.5
0.5,0.596348,0.41,0.6666666666666666,0.75
0.7046272727272724,0.6666666666666666,0.0,0.6666666666666666,0.0
0.39046136363636375,0.6699830303030303,0.45,1.0,1.0
0.4473625,0.6528738888888889,0.35000000000000003,1.0,0.25
0.6789159090909089,0.6335488888888888,0.27083333333333337,1.0,0.25
0.5,0.6666666666666666,0.0,0.3333333333333333,0.5
0.6488243055555555,0.5632739393939393,0.45,1.0,0.25
0.8024557926829268,0.6296746666666666,0.49500000000000005,1.0,0.25
0.833778947368421,0.5533816666666667,0.41250000000000003,1.0,0.25
0.4662141203703705,0.6706133333333333,0.45,0.6666666666666666,0.5
0.5,0.6666666666666666,0.0,0.3333333333333333,0.5
0.503507792207792,0.5599722222222222,0.41250000000000003,0.6666666666666666,0.5
0.724485606060606,0.6666666666666666,0.0,0.6666666666666666,0.25
0.25115500000000024,0.6607744444444444,0.41250000000000003,1.0,0.75
0.5,0.3710078787878787,0.45,0.3333333333333333,0.5
0.4316897321428572,0.6666666666666666,0.0,0.3333333333333333,0.5
0.5363285472972973,0.7795496296296296,0.55,1.0,0.75
0.5,0.6658106666666667,0.49500000000000005,0.3333333333333333,0.5
0.5,0.6666666666666666,0.0,0.3333333333333333,0.5
0.5,0.6666666666666666,0.0,0.0,0.5
0.5,0.6505224242424242,0.45,0.3333333333333333,0.5
0.5438483333333333,0.6448686666666666,0.49500000000000005,0.6666666666666666,0.5
0.40669791666666677,0.6666666666666666,0.0,0.6666666666666666,0.0
0.442659090909091,0.6641042424242424,0.45,1.0,0.5
0.6053939393939395,0.6553413333333333,0.49500000000000005,0.6666666666666666,0.5
0.277359090909091,0.6270051851851852,0.55,0.6666666666666666,0.5
0.6666831896551723,0.7059890909090909,0.45,0.6666666666666666,0.5
0.3960803571428573,0.6666666666666666,0.0,0.6666666666666666,0.0
0.5,0.6666666666666666,0.0,0.3333333333333333,0.0
0.5,0.6666666666666666,0.0,0.0,0.5
0.27316093750000003,0.48997333333333326,0.41250000000000003,0.6666666666666666,0.5
0.51895625,0.6583987878787878,0.45,1.0,1.0
0.6611052442528735,0.4894030303030303,0.45,1.0,0.0
0.6765689655172413,0.4985616666666666,0.10833333333333334,1.0,0.0
0.3427045454545455,0.6666666666666666,0.0,0.3333333333333333,0.5
0.6730124999999998,0.04916055555555543,0.41250000000000003,1.0,0.75
0.6702795454545453,0.6506383333333333,0.41250000000000003,0.6666666666666666,0.5
0.5,0.5431260606060606,0.45,0.3333333333333333,0.5
0.35839090909090926,0.7252284848484848,0.45,1.0,0.75
0.5,0.6666666666666666,0.0,0.0,0.5
0.3462339572192515,0.6703655555555555,0.41250000000000003,1.0,1.0
0.4356425,0.685761111111111,0.41250000000000003,0.6666666666666666,0.5
0.5,0.6600090909090909,0.45,0.3333333333333333,0.5
0.5,0.22342969696969694,0.45,0.6666666666666666,1.0
0.48091428571428574,0.6661666666666667,0.05,1.0,1.0
0.23326917989418,0.6112799999999999,0.41250000000000003,1.0,0.25
0.9268731060606059,0.492990303030303,0.24090909090909093,1.0,0.0
0.461577872168285,0.45518666666666663,0.41250000000000003,1.0,0.75
0.5,0.6666666666666666,0.0,0.3333333333333333,1.0
0.767306423611111,0.6666666666666666,0.0,0.6666666666666666,0.0
0.453523097826087,0.585706111111111,0.41250000000000003,0.6666666666666666,0.5
0.5,0.6666666666666666,0.0,0.0,0.5
1.0,0.5740116666666666,0.17083333333333334,1.0,1.0
0.6381194444444442,0.5319322222222223,0.22916666666666666,1.0,1.0
0.3135083333333335,0.5287149999999999,0.41250000000000003,0.6666666666666666,0.5
0.46690972222222227,0.5230744444444444,0.41250000000000003,1.0,1.0
0.4583708333333335,0.5333781818181818,0.45,1.0,0.5
0.3590892857142858,0.6665785185185185,0.55,1.0,0.75
0.22230277777777774,0.6666666666666666,0.0,0.3333333333333333,0.5
0.4825958333333335,0.5669411111111111,0.41250000000000003,1.0,1.0
0.5,0.6487696296296296,0.55,0.3333333333333333,0.5
0.2222222222222222,0.6478772222222222,0.41250000000000003,1.0,1.0
0.48273541666666675,0.7128427777777777,0.41250000000000003,1.0,0.0
0.5860537587412588,0.45490833333333325,0.41250000000000003,1.0,1.0
0.8159607142857143,0.5736844444444444,0.41250000000000003,0.6666666666666666,0.5
0.5,0.6666666666666666,0.0,0.3333333333333333,0.5
0.5,0.7319988888888889,0.15000000000000002,0.6666666666666666,0.25
0.5,0.7298193939393939,0.45,0.6666666666666666,1.0
0.4493662280701755,0.6666666666666666,0.0,0.6666666666666666,0.0
0.40060208333333347,0.5188955555555556,0.41250000000000003,1.0,0.75
0.5283575757575758,0.6744533333333333,0.49500000000000005,1.0,0.75
0.5964166666666665,0.4914438888888889,0.41250000000000003,0.6666666666666666,0.5
0.5,0.6666666666666666,0.0,0.3333333333333333,0.5
0.42726041666666675,0.6658618181818181,0.45,1.0,1.0
0.5258,0.6524118518518518,0.3055555555555556,1.0,0.0
0.38263995215311025,0.6666666666666666,0.0,0.6666666666666666,0.25
0.42734280303030325,0.6666666666666666,0.0,0.3333333333333333,0.5
0.47237727272727276,0.6746433333333333,0.11875000000000001,1.0,0.0
0.5,0.16091611111111104,0.41250000000000003,0.3333333333333333,0.5
0.36520625,0.6604915151515152,0.45,0.6666666666666666,0.5
0.5,0.4756055555555555,0.1875,0.3333333333333333,0.5
0.5,0.6666666666666666,0.0,0.0,0.5
0.4972625000000003,0.6530877777777777,0.41250000000000003,1.0,0.0
0.38013181818181824,0.5894909090909091,0.45,0.6666666666666666,0.5
0.5,0.5144630303030303,0.45,0.3333333333333333,0.5
0.5078883928571427,0.28154727272727265,0.45,0.6666666666666666,0.5
0.5,0.6666666666666666,0.0,0.0,0.5
0.4751270833333335,0.45400777777777773,0.41250000000000003,1.0,0.0
0.4781729166666667,0.06018222222222225,0.41250000000000003,1.0,0.0
0.5279333333333333,0.6034383333333333,0.21666666666666667,1.0,0.25
0.37069696969696975,0.6456824242424242,0.45,1.0,0.75
0.5,0.6666666666666666,0.0,0.0,0.5
0.7358740786240785,0.6666666666666666,0.0,0.3333333333333333,0.5
0.5,0.6600624242424242,0.45,0.3333333333333333,0.5
0.6426784722222223,0.5661627777777777,0.41250000000000003,0.6666666666666666,0.5
0.5,0.6625926666666666,0.28500000000000003,0.6666666666666666,0.0
0.5,0.6740493333333333,0.49500000000000005,0.6666666666666666,0.75
0.46694214876033074,0.6501399999999999,0.33333333333333337,0.6666666666666666,0.5
0.4812986111111113,0.38863499999999995,0.41250000000000003,0.6666666666666666,0.5
0.22747499999999998,0.6666666666666666,0.0,0.3333333333333333,0.5
0.5,0.6722816666666667,0.41250000000000003,0.3333333333333333,0.5
0.5,0.4006313333333333,0.49500000000000005,0.3333333333333333,0.5
0.5,0.6542088888888888,0.55,0.3333333333333333,0.5
0.5,0.6666666666666666,0.0,0.0,0.5
0.7183776223776223,0.6093473333333332,0.49500000000000005,0.6666666666666666,0.5
0.5071854166666665,0.6002426666666666,0.49500000000000005,1.0,1.0
0.5,0.6666666666666666,0.0,0.3333333333333333,0.0
0.7674875,0.6619577777777778,0.12083333333333333,1.0,1.0
0.5,0.6666666666666666,0.0,0.3333333333333333,0.5
0.686280991735537,0.6666666666666666,0.0,0.3333333333333333,0.5
0.5,0.5168644444444445,0.41250000000000003,0.3333333333333333,0.5
0.6714482758620688,0.6666666666666666,0.0,0.3333333333333333,0.5
0.5,0.6666666666666666,0.0,0.0,0.5
0.4389229166666667,0.6666666666666666,0.0,0.6666666666666666,1.0
0.5,0.6666666666666666,0.0,0.0,0.5
0.2023625,0.6666666666666666,0.0,0.6666666666666666,0.25
0.42587352941176476,0.6559648484848485,0.45,1.0,0.0
0.38056805555555573,0.6594311111111111,0.41250000000000003,1.0,0.25
0.5,0.6862036363636363,0.28636363636363643,0.6666666666666666,0.25
0.5,0.542170303030303,0.45,0.6666666666666666,0.25
0.5,0.6522239999999999,0.49500000000000005,0.6666666666666666,1.0
0.5,0.6666666666666666,0.0,0.3333333333333333,0.0
0.47777916666666675,0.5241527777777777,0.41250000000000003,0.6666666666666666,0.5
0.5,0.6666666666666666,0.0,0.0,0.5
0.22445555555555574,0.6666666666666666,0.0,0.6666666666666666,0.75
0.6083854166666665,0.6658333333333333,0.08333333333333334,1.0,0.25
0.30976785714285726,0.6011155555555555,0.15000000000000002,1.0,0.75
0.5637681818181818,0.6764255555555555,0.41250000000000003,1.0,0.25
0.11361755952380981,0.6666666666666666,0.0,0.6666666666666666,0.25
0.5,0.6666666666666666,0.0,0.3333333333333333,0.5
0.45712727272727277,0.5328094444444444,0.41250000000000003,1.0,0.5
0.5,0.6666666666666666,0.0,0.0,0.5
0.5,0.6762787878787878,0.45,0.6666666666666666,0.75
0.99991875,0.5255483333333333,0.275,1.0,0.75
0.252396590909091,0.6666666666666666,0.0,0.3333333333333333,0.5
0.5,0.5517144444444444,0.41250000000000003,0.3333333333333333,0.5
0.5796749999999997,0.7646733333333333,0.1125,1.0,0.25
0.14285714285714302,0.5478975757575757,0.45,1.0,0.0
1.0,0.6564242424242424,0.21363636363636362,1.0,0.25
0.5,0.6666666666666666,0.0,0.0,0.5
0.5,0.37101222222222224,0.41250000000000003,0.6666666666666666,1.0
0.31581136363636375,0.6505655555555555,0.41250000000000003,0.6666666666666666,0.5
0.08333333333333348,0.55568,0.41250000000000003,1.0,0.75
0.4639,0.5202933333333333,1.0,1.0,1.0
0.4330341666666667,0.78586,0.45,0.6666666666666666,0.5
0.5,0.6661133333333333,0.41250000000000003,0.3333333333333333,0.5
0.5,0.4869029629629629,0.55,0.6666666666666666,0.0
0.5238764204545453,0.6457394444444444,0.41250000000000003,1.0,0.0
0.283248251748252,0.45333722222222217,0.41250000000000003,1.0,0.0
0.6141062499999997,0.6445555555555555,0.37083333333333335,0.6666666666666666,0.5
0.30121041666666676,0.6666666666666666,0.0,0.6666666666666666,0.75
0.5,0.6533979999999999,0.49500000000000005,0.6666666666666666,0.5
0.5,0.6666666666666666,0.0,0.0,0.5
0.5,0.6485345454545455,0.3181818181818182,0.3333333333333333,0.5
0.53624375,0.6257490909090909,0.35000000000000003,1.0,0.25
0.7764473039215685,0.5202894444444444,0.10833333333333334,1.0,0.25
0.5,0.6666666666666666,0.0,0.0,0.5
0.6661,0.6666666666666666,0.0,0.6666666666666666,0.5
0.34706136363636375,0.5194488888888888,0.41250000000000003,1.0,0.75
0.5,0.6666666666666666,0.0,0.0,0.5
0.62195,0.5383842424242424,0.45,0.6666666666666666,0.5
0.49700625000000026,0.5202211111111111,0.41250000000000003,1.0,0.5
0.5,0.6666666666666666,0.0,0.0,0.5
0.494614247311828,0.7951459999999999,0.49500000000000005,0.6666666666666666,0.5
0.6449644764957265,0.5917683333333333,0.41250000000000003,1.0,0.75
0.23816898148148152,0.650176,0.49500000000000005,1.0,0.75
0.5,0.6666666666666666,0.0,0.0,0.5
0.5,0.5148022222222222,0.41250000000000003,0.6666666666666666,0.75
0.5,0.6460028571428571,0.11428571428571428,0.3333333333333333,0.5
0.5,0.6556483333333333,0.41250000000000003,0.3333333333333333,0.5
0.4854854166666667,0.6663763636363635,0.45,1.0,1.0
0.5,0.6583933333333333,0.41250000000000003,0.6666666666666666,0.0
0.5026416666666665,0.32514777777777776,0.41250000000000003,1.0,0.0
0.516092628205128,0.0,0.49500000000000005,0.6666666666666666,0.5
0.5,0.36558444444444443,0.41250000000000003,0.6666666666666666,0.25
0.5,0.6666666666666666,0.0,0.0,0.5
0.5749196428571428,0.6406878787878788,0.45,1.0,0.75
0.5,0.6666666666666666,0.0,0.0,0.5
0.5,0.6851255555555555,0.41250000000000003,0.6666666666666666,0.75
0.5,0.6819483333333333,0.41250000000000003,0.3333333333333333,0.5
0.5,0.44055888888888883,0.41250000000000003,0.6666666666666666,0.0
0.5,0.6666666666666666,0.0,0.0,0.5
0.5120020833333333,0.6453872727272727,0.45,1.0,0.75
0.560923611111111,0.7167666666666667,0.41250000000000003,1.0,0.75
1.0,0.6666666666666666,0.0,0.3333333333333333,0.5
0.60428125,0.6666666666666666,0.0,0.6666666666666666,0.0
0.5373145833333333,0.6666666666666666,0.0,0.3333333333333333,0.5
0.3732006944444445,0.5405333333333333,0.41250000000000003,1.0,0.0
0.5,0.6681230303030302,0.45,0.3333333333333333,0.5
0.5,0.7042780952380953,0.27142857142857146,0.6666666666666666,0.75
0.5,0.4461422222222222,0.41250000000000003,0.3333333333333333,0.5
0.5,0.6666666666666666,0.0,0.3333333333333333,0.5
0.5,0.6666666666666666,0.0,0.3333333333333333,0.5
0.3149229166666668,0.6790233333333333,0.41250000000000003,1.0,0.25
0.5,0.6666666666666666,0.0,0.3333333333333333,0.5
0.502063782051282,0.13014303030303032,0.45,1.0,0.75
0.7694880952380952,0.6518866666666666,0.28750000000000003,0.6666666666666666,0.5
0.227325,0.39282303030303034,0.45,0.6666666666666666,0.5
0.222375,0.663125,0.41250000000000003,1.0,0.5
0.3916166666666667,0.5484305555555555,0.41250000000000003,0.6666666666666666,0.5
0.5,0.6666666666666666,0.0,0.0,0.5
0.470434090909091,0.6666666666666666,0.0,0.3333333333333333,0.5
0.29166666666666674,0.6666666666666666,0.0,0.3333333333333333,0.5
0.3255170454545455,0.7902393939393939,0.45,1.0,0.0
0.4036645833333335,0.46017277777777776,0.41250000000000003,1.0,0.0
0.3602,0.6231572222222221,0.17916666666666667,1.0,0.0
0.6430737804878047,0.6714022222222222,0.05416666666666667,1.0,1.0
0.5074954545454545,0.6666666666666666,0.0,0.6666666666666666,0.5
0.47132291666666676,0.5473166666666667,0.41250000000000003,1.0,0.75
0.6888386363636363,0.6666666666666666,0.0,0.3333333333333333,0.5
0.4706005208333335,0.7248386666666666,0.07500000000000001,1.0,0.25
0.5065875,0.6666666666666666,0.0,0.3333333333333333,0.5
0.5,0.6666666666666666,0.0,0.3333333333333333,0.5
0.273943181818182,0.4958769696969697,0.45,0.6666666666666666,0.5
0.5,0.6666666666666666,0.0,0.3333333333333333,1.0
0.4836064814814818,0.6551363636363636,0.45,1.0,0.75
0.5,0.6666666666666666,0.0,0.3333333333333333,0.5
0.5,0.6666666666666666,0.0,0.3333333333333333,0.5
0.3263703703703705,0.47675388888888887,0.41250000000000003,1.0,0.0
0.453140625,0.28259611111111105,0.41250000000000003,0.6666666666666666,0.5
0.6137833333333332,0.624006111111111,0.21250000000000002,1.0,0.25
0.5,0.6666666666666666,0.0,0.0,0.5
0.6684825757575757,0.5530971428571428,0.11428571428571428,1.0,0.5
0.42458916666666674,0.6559157575757575,0.45,1.0,1.0
0.2543515000000003,0.5400866666666666,0.41250000000000003,0.6666666666666666,0.5
0.4159583333333335,0.5054151515151515,0.45,1.0,0.25
0.45556666666666673,0.44736,0.41250000000000003,0.6666666666666666,0.5
0.5559560606060605,0.7419163636363636,0.45,0.6666666666666666,0.5
0.28184924242424253,0.5228266666666667,0.45,1.0,0.0
0.22753535353535376,0.5292587878787878,0.45,1.0,0.0
0.5,0.6666666666666666,0.0,0.3333333333333333,0.25
0.471375,0.66001,0.41250000000000003,1.0,0.0
0.46693472222222226,0.5258193939393939,0.45,1.0,0.25
0.14285714285714302,0.6666666666666666,0.0,0.3333333333333333,0.5
0.14322857142857148,0.625195,0.30000000000000004,0.6666666666666666,0.5
0.482415277777778,0.4303660606060606,0.45,0.6666666666666666,0.5
0.5,0.516645,0.41250000000000003,0.3333333333333333,0.5
0.7131177156177155,0.8894915151515151,0.45,0.6666666666666666,0.5
0.5030479166666665,0.6520006060606061,0.45,1.0,0.5
0.5,0.6087079999999999,0.49500000000000005,0.3333333333333333,0.5
0.3538750000000003,0.4248054545454545,0.45,1.0,0.75
0.5,0.7919444444444445,0.43888888888888894,0.3333333333333333,0.5
0.5,0.6590166666666666,0.41250000000000003,0.3333333333333333,0.5
0.38129930555555575,0.4359255555555555,0.41250000000000003,0.6666666666666666,0.5
0.765861607142857,0.6719379999999999,0.225,1.0,0.0
0.4579543226381462,0.6355155555555555,0.41250000000000003,1.0,0.25
0.4969895833333335,0.6976963636363636,0.45,1.0,0.0
0.359875,0.34550484848484847,0.45,1.0,0.0
0.5,0.49231277777777777,0.37916666666666665,0.6666666666666666,0.25
0.553826231060606,0.4190521212121212,0.45,0.6666666666666666,0.5
0.5704680555555555,0.5411566666666666,0.41250000000000003,0.6666666666666666,0.5
0.1875,0.6666666666666666,0.0,0.6666666666666666,0.0
0.5,0.6602699999999999,0.1,0.6666666666666666,0.25
0.3025875,0.6559890909090909,0.45,1.0,0.5
0.5,0.6644781818181817,0.45,0.6666666666666666,0.25
0.5,0.6666666666666666,0.0,0.3333333333333333,0.5
0.47111406250000026,0.5294416666666666,0.41250000000000003,0.6666666666666666,0.5
0.5,0.646241111111111,0.13333333333333333,0.6666666666666666,0.25
0.5051961805555555,0.31111944444444445,0.41250000000000003,1.0,0.0
0.5631625,0.6539029629629629,0.55,1.0,0.0
0.5,0.650661111111111,0.41250000000000003,0.3333333333333333,0.5
0.5318195833333332,0.2913016666666666,0.41250000000000003,1.0,0.75
0.0,0.6422890909090909,0.45,0.6666666666666666,0.5
0.191053125,0.5437138888888888,0.41250000000000003,1.0,0.0
0.5,0.6666666666666666,0.0,0.0,0.5
0.5,0.6666666666666666,0.0,0.3333333333333333,0.25
0.30344321895424853,0.6666666666666666,0.0,0.6666666666666666,0.75
0.543885,0.6728283333333333,0.1375,1.0,0.25
0.6938104166666665,0.5614916666666666,0.41250000000000003,1.0,1.0
0.5,0.6521,0.49500000000000005,0.3333333333333333,0.5
0.5,0.6666666666666666,0.0,0.0,0.5
0.5,0.6666666666666666,0.0,0.0,0.5
0.5084641608391608,0.41785833333333333,0.3541666666666667,1.0,0.25
0.5,0.5213188888888889,0.41250000000000003,0.3333333333333333,0.5
0.5,0.5269538888888889,0.41250000000000003,0.3333333333333333,0.5
0.609410087719298,0.592745,0.16666666666666666,0.6666666666666666,0.5
0.5,0.3657061111111111,0.41250000000000003,0.3333333333333333,0.5
0.5186208333333332,0.6666666666666666,0.0,0.6666666666666666,0.5
0.25761785714285723,0.354836,0.49500000000000005,0.6666666666666666,0.5
0.4374881422924902,0.778707619047619,0.7071428571428572,1.0,0.75
0.5,0.43819333333333327,0.41250000000000003,0.3333333333333333,0.5
0.19948750000000026,0.6987161904761905,0.7071428571428572,0.6666666666666666,0.5
0.4658704545454547,0.6603461111111111,0.27083333333333337,0.6666666666666666,0.5
0.29079132231404975,0.660410303030303,0.45,1.0,0.75
0.31435625,1.0,1.0,0.6666666666666666,0.5
0.5132527777777778,0.7289636363636364,0.45,1.0,1.0
0.5,0.6666666666666666,0.0,0.0,0.5
0.0886136363636365,0.6666666666666666,0.0,0.6666666666666666,0.75
0.5421431818181818,0.6666666666666666,0.0,0.3333333333333333,0.5
0.38162916666666674,0.6522945454545455,0.2772727272727273,1.0,0.0
0.5,0.6666666666666666,0.0,0.0,0.5
0.502911111111111,0.5790872727272727,0.45,1.0,0.25
0.44833125000000024,0.6616933333333332,0.41250000000000003,1.0,0.0
0.5716604166666664,0.6662236363636364,0.30000000000000004,1.0,0.5
0.4481386363636365,0.6630883333333333,0.41250000000000003,1.0,0.25
0.5,0.6666666666666666,0.0,0.3333333333333333,0.5
0.5,0.6725788888888888,0.41250000000000003,0.3333333333333333,0.5
0.5,0.6666666666666666,0.0,0.3333333333333333,0.0
0.1875,0.6269257142857143,0.12142857142857143,1.0,0.75
0.5,0.6666666666666666,0.0,0.0,0.5
0.5619388888888888,0.4773311111111111,0.41250000000000003,1.0,0.75
0.6304662356321837,0.059919444444444525,0.41250000000000003,0.6666666666666666,0.5
0.5,0.6410199999999999,0.9900000000000001,0.6666666666666666,1.0
0.5,0.6932066666666666,0.9900000000000001,0.6666666666666666,0.75
0.5,0.5076581818181818,0.45,0.3333333333333333,0.5
0.5,0.6666666666666666,0.0,0.3333333333333333,0.5
0.08333333333333348,0.6666666666666666,0.0,0.6666666666666666,0.75
0.5,0.6666666666666666,0.0,0.3333333333333333,0.75
0.6120876524390242,0.2568688888888889,0.41250000000000003,1.0,1.0
0.5,0.6666666666666666,0.0,0.3333333333333333,0.75
0.5,0.7121587878787878,0.45,0.3333333333333333,0.5
0.5,0.44153777777777775,0.41250000000000003,0.6666666666666666,0.5
0.5,0.43792833333333325,0.41250000000000003,0.3333333333333333,0.5
0.0,0.5334222222222222,0.41250000000000003,1.0,1.0
0.35902361111111125,0.635972,0.49500000000000005,1.0,0.0
0.72974625,0.5682813333333333,0.49500000000000005,0.6666666666666666,0.5
0.5,0.5079522222222221,0.41250000000000003,0.3333333333333333,0.5
0.4668489583333335,0.6666666666666666,0.0,0.6666666666666666,0.75
0.5,0.6144377777777777,0.10416666666666666,0.6666666666666666,0.75
0.33352256944444447,0.4982955555555555,0.41250000000000003,1.0,0.75
0.5,0.6666666666666666,0.0,0.3333333333333333,0.0
0.7003833333333332,0.6493972222222222,0.2833333333333334,0.6666666666666666,0.5
0.5,0.6666666666666666,0.0,0.0,0.5
0.45638290513834,0.6666666666666666,0.0,0.3333333333333333,0.5
0.5,0.6666666666666666,0.0,0.3333333333333333,0.5
0.5028783602150537,0.6666666666666666,0.0,0.3333333333333333,0.5
0.5,0.6666666666666666,0.0,0.0,0.5
0.7287507142857143,0.6666666666666666,0.0,0.6666666666666666,0.25
0.14285714285714302,0.42106999999999994,0.41250000000000003,1.0,0.0
0.3762585227272728,0.6526566666666667,0.49500000000000005,1.0,0.75
0.6544020562770563,0.5002599999999999,0.45,1.0,0.0
0.325768181818182,0.661785,0.41250000000000003,1.0,1.0
0.7079444444444445,0.5468773333333333,0.49500000000000005,1.0,0.0
0.2538525,0.6542066666666666,0.45,0.6666666666666666,0.5
0.3929833333333335,0.6666666666666666,0.0,0.3333333333333333,0.5
0.6723175,0.5878660606060606,0.18636363636363637,1.0,0.5
0.5625219298245613,0.6416033333333333,0.24583333333333335,1.0,0.25
0.6789465579710146,1.0,1.0,1.0,0.0
0.29296818181818196,0.5900086666666666,0.49500000000000005,1.0,0.0
0.5240520833333333,0.5316418181818181,0.45,1.0,1.0
0.5,0.6597781818181818,0.45,0.6666666666666666,0.75
0.5269514705882352,0.46908777777777777,0.41250000000000003,0.6666666666666666,0.5
0.5581124999999998,0.6983616666666667,0.23333333333333336,0.6666666666666666,0.5
0.5469763636363635,0.8359493333333333,0.49500000000000005,1.0,0.0
0.7403086124401912,0.65536,0.49500000000000005,0.6666666666666666,0.5
0.4529041666666668,0.5134711111111111,0.55,1.0,1.0
0.505215625,0.39383466666666667,0.19,0.6666666666666666,0.5
0.5,0.6481116666666666,0.41250000000000003,0.3333333333333333,0.5
0.8295583333333332,0.6666666666666666,0.0,0.3333333333333333,0.5
0.6809970703125,0.0,0.41250000000000003,0.6666666666666666,0.5
0.5639503205128202,0.46506611111111107,0.41250000000000003,1.0,0.75
0.5,0.6719838888888888,0.41250000000000003,0.6666666666666666,0.25
0.5641576388888887,0.5140521212121212,0.45,1.0,1.0
0.5,0.6666666666666666,0.0,0.0,0.5
0.7460797619047618,0.6666666666666666,0.0,0.6666666666666666,0.75
0.5,0.1315666666666666,0.41250000000000003,0.3333333333333333,0.5
0.42649621212121225,0.5315527777777778,0.41250000000000003,0.6666666666666666,0.5
0.410140277777778,0.5642436363636363,0.45,1.0,0.75
0.6673628787878787,0.5341216666666666,0.3416666666666667,1.0,0.5
0.5,0.6666666666666666,0.0,0.3333333333333333,0.25
0.4753439393939395,0.6666666666666666,0.0,0.3333333333333333,0.5
0.5053708333333332,0.6839406666666666,0.49500000000000005,0.6666666666666666,0.5
0.5,0.6731266666666667,0.41250000000000003,0.6666666666666666,0.75
0.45329696969696975,0.4564555555555555,0.41250000000000003,0.6666666666666666,0.5
0.5,0.6666666666666666,0.0,0.0,0.5
0.5,0.6666666666666666,0.0,0.0,0.5
0.5,0.6666666666666666,0.0,0.3333333333333333,0.5
0.5,0.6666666666666666,0.0,0.0,0.5
0.5,0.6959606060606061,0.45,0.6666666666666666,0.0
0.46293106060606076,0.5256394444444444,0.41250000000000003,1.0,0.0
0.5,0.654931111111111,0.2888888888888889,0.6666666666666666,0.25
0.5151825757575758,0.6623016666666667,0.1,1.0,1.0
0.5,0.5672769696969696,0.45,0.3333333333333333,0.5
0.5,0.6530153333333333,0.49500000000000005,0.3333333333333333,0.5
0.6029037878787877,0.6666666666666666,0.0,0.6666666666666666,0.25
0.5007895833333332,0.517328888888889,0.41250000000000003,0.6666666666666666,0.5
0.6737208333333333,0.6690866666666666,0.45,1.0,1.0
0.571684375,0.5831783333333334,0.21666666666666667,1.0,0.25
1.0,0.25402166666666665,0.41250000000000003,1.0,0.25
0.6427509469696968,0.655610909090909,0.45,0.6666666666666666,0.5
0.3434625,0.7709933333333333,0.41250000000000003,1.0,0.0
0.5,0.6666666666666666,0.0,0.3333333333333333,0.75
0.5,0.26165611111111114,0.41250000000000003,0.3333333333333333,0.5
0.5,0.6623088888888888,0.1,0.3333333333333333,0.5
0.5,0.6666666666666666,0.0,0.0,0.5
0.5,0.6666666666666666,0.0,0.0,0.5
0.4908712962962965,0.6486472222222222,0.41250000000000003,1.0,0.25
0.656372222222222,0.6708523809523809,0.16428571428571428,0.6666666666666666,0.5
0.5,0.6666666666666666,0.0,0.0,0.5
0.5,0.6666666666666666,0.0,0.0,0.5
0.3364204545454548,0.5251861111111111,0.41250000000000003,0.6666666666666666,0.5
0.40992291666666675,0.596841111111111,0.41250000000000003,1.0,0.75
0.5,0.6666666666666666,0.0,0.0,0.5
0.5,0.6049983333333333,0.41250000000000003,0.6666666666666666,0.25
0.0,0.47070166666666663,0.61875,0.6666666666666666,0.5
0.5,0.6559624242424242,0.45,0.6666666666666666,1.0
0.5,0.6666666666666666,0.0,0.3333333333333333,0.5
0.5,0.6666666666666666,0.0,0.3333333333333333,0.25
0.5,0.6485466666666666,0.18333333333333335,0.3333333333333333,0.5
0.5,0.5043436363636363,0.45,0.3333333333333333,0.5
0.8665583333333333,0.6186419999999999,0.49500000000000005,0.6666666666666666,0.5
0.5,0.6666666666666666,0.0,0.3333333333333333,0.5
0.4569485677083335,0.6611144444444444,0.41250000000000003,1.0,0.0
1.0,0.6666666666666666,0.0,0.6666666666666666,0.5
0.5,0.6666666666666666,0.0,0.0,0.5
0.5674451388888888,0.6555393333333333,0.49500000000000005,0.6666666666666666,0.5
0.5,0.6666666666666666,0.0,0.0,0.5
0.08333333333333348,0.6912733333333333,0.41250000000000003,1.0,0.5
0.5,0.6666666666666666,0.0,0.3333333333333333,0.5
0.6569208333333333,0.6660538888888888,0.3041666666666667,1.0,0.25
0.4483886363636365,0.6713166666666667,0.18000000000000002,1.0,0.25
0.9236663265306122,0.6666666666666666,0.0,0.6666666666666666,0.25
0.454138888888889,0.6666666666666666,0.0,0.6666666666666666,0.25
0.5,0.6666666666666666,0.0,0.0,0.5
0.43852529761904774,0.4605472727272727,0.45,1.0,0.0
0.5,0.6666666666666666,0.0,0.0,0.5
0.9221919191919192,0.6469666666666666,0.32083333333333336,0.6666666666666666,0.5
0.750934046345811,0.15510000000000002,0.55,1.0,1.0
0.5,0.6746727777777778,0.20416666666666666,0.6666666666666666,0.25
0.5,0.5655399999999999,0.41250000000000003,0.3333333333333333,0.5
0.5,0.6666666666666666,0.0,0.0,0.5
0.5,0.7394422222222222,0.41250000000000003,0.3333333333333333,0.5
0.2222222222222222,0.5167854545454545,0.45,1.0,0.0
0.5,0.6473992592592592,0.30000000000000004,0.6666666666666666,0.25
0.5,0.5248755555555555,0.41250000000000003,0.6666666666666666,0.75
0.5795084219858155,0.7130593333333333,0.49500000000000005,0.6666666666666666,0.5
0.470465277777778,0.5149381818181817,0.45,1.0,0.0
0.5,0.6666666666666666,0.0,0.0,0.5
0.5,0.6592444444444444,0.41250000000000003,0.6666666666666666,0.0
0.677150909090909,0.6530561111111111,0.41250000000000003,1.0,0.0
0.5,0.6666666666666666,0.0,0.0,0.5
0.5,0.6666666666666666,0.0,0.0,0.5
0.44630303030303053,0.5052533333333333,0.45,1.0,0.5
0.5,0.4383666666666667,0.41250000000000003,0.3333333333333333,0.5
0.37459191176470596,0.6666666666666666,0.0,0.3333333333333333,0.5
0.5,0.6666666666666666,0.0,0.0,0.5
0.366359090909091,0.7458088888888889,0.41250000000000003,1.0,1.0
0.6427788120567375,0.6798593333333333,0.49500000000000005,1.0,0.0
0.45504837570621476,0.8086527272727273,0.45,1.0,0.75
0.4454833333333335,0.5193042424242424,0.45,1.0,0.5
0.4319229166666667,0.6544586666666666,0.49500000000000005,0.6666666666666666,0.5
0.5,0.4355961111111111,0.41250000000000003,0.6666666666666666,0.75
0.39807054924242424,0.6573636363636364,0.45,0.6666666666666666,0.5
0.5763083333333332,0.6568637037037036,0.55,0.6666666666666666,0.5
0.6328972701149425,0.6517545454545454,0.45,0.6666666666666666,0.5
0.5232027777777778,0.6572522222222222,0.23333333333333336,1.0,0.0
0.37108080808080823,0.6494933333333333,0.45,1.0,0.75
0.5,0.6666666666666666,0.0,0.3333333333333333,0.75
0.7132229166666665,0.69204,0.4227272727272728,1.0,0.25
0.467925,0.66541,0.49500000000000005,1.0,0.75
0.5627371794871793,0.45200909090909086,0.45,1.0,0.25
0.5,0.6666666666666666,0.0,0.3333333333333333,0.0
0.5,0.6666666666666666,0.0,0.0,0.5
0.43015430622009576,0.6666666666666666,0.0,0.3333333333333333,0.5
0.5,0.6670846666666667,0.49500000000000005,0.6666666666666666,0.75
0.5,0.6939793939393939,0.45,0.3333333333333333,0.5
0.5275931818181817,0.5299633333333333,0.41250000000000003,1.0,0.75
0.5,0.39352722222222225,0.41250000000000003,0.6666666666666666,0.75
0.0,0.6666666666666666,0.0,0.6666666666666666,0.25
0.5,0.6666666666666666,0.0,0.3333333333333333,0.5
0.5,0.4622911111111111,0.27083333333333337,0.6666666666666666,0.25
0.14285714285714302,0.52538,0.3375,1.0,1.0
0.5,0.6542357575757576,0.44545454545454544,0.3333333333333333,0.5
0.5,0.6497488888888888,0.1625,0.6666666666666666,0.5
0.6319824797843665,0.3949233333333333,0.3416666666666667,1.0,0.0
0.6716631944444442,0.6666666666666666,0.0,0.6666666666666666,0.0
0.701075,0.6598266666666667,0.45,1.0,0.75
0.1456035714285715,0.6666666666666666,0.0,0.3333333333333333,0.5
0.354184917355372,0.3599627777777778,0.41250000000000003,1.0,0.25
0.22357037037037053,0.6194084848484848,0.45,1.0,1.0
0.5,0.7235363636363636,0.2772727272727273,0.3333333333333333,0.5
0.44520555555555574,0.6543313333333333,0.49500000000000005,0.6666666666666666,0.5
0.609123611111111,0.6867127272727273,0.45,0.6666666666666666,0.5
0.6865697415329768,0.2037363636363636,0.45,1.0,0.25
0.493420138888889,0.6110181818181818,0.45,1.0,0.5
0.5,0.6666666666666666,0.0,0.0,0.5
0.724045,0.657796111111111,0.41250000000000003,0.6666666666666666,0.5
0.5,0.658291111111111,0.41250000000000003,0.6666666666666666,0.5
0.5,0.6670272727272727,0.17727272727272728,0.6666666666666666,1.0
0.5006958333333332,0.6666666666666666,0.0,0.6666666666666666,1.0
0.5399062499999998,0.5329005555555555,0.41250000000000003,0.6666666666666666,0.5
0.5022395833333333,0.4326711111111111,0.41250000000000003,1.0,1.0
0.4865354166666668,0.5401911111111111,0.41250000000000003,0.6666666666666666,0.5
0.723497222222222,0.6092222222222222,0.41250000000000003,1.0,0.25
0.5,0.6666666666666666,0.0,0.0,0.5
0.5,0.669610303030303,0.33181818181818185,0.3333333333333333,0.5
0.9155435606060605,0.643836111111111,0.17500000000000002,1.0,0.25
0.5,0.7044944444444444,0.41250000000000003,0.6666666666666666,0.0
0.190240625,0.7007183333333333,0.41250000000000003,0.6666666666666666,0.5
0.4804,0.6559266666666667,0.41250000000000003,1.0,0.5
0.5,0.6666666666666666,0.0,0.0,0.5
0.5,0.6580953333333333,0.49500000000000005,0.3333333333333333,0.5
0.5,0.6666666666666666,0.0,0.3333333333333333,0.5
0.553634722222222,0.6666666666666666,0.0,0.6666666666666666,1.0
0.36521750000000025,0.5631788888888889,0.41250000000000003,1.0,0.25
0.5,0.5423761111111111,0.41250000000000003,0.3333333333333333,0.5
0.6610968468468468,0.6488693333333333,0.49500000000000005,0.6666666666666666,0.5
0.4863694444444445,0.5165861111111111,0.41250000000000003,1.0,0.0
0.7670414285714284,0.212914,0.37000000000000005,0.6666666666666666,0.5
0.5,0.6534816666666666,0.15833333333333333,0.6666666666666666,0.25
0.5,0.6666666666666666,0.0,0.0,0.5
0.5,0.6666666666666666,0.0,0.3333333333333333,0.5
0.6643542319749215,0.6666666666666666,0.0,0.3333333333333333,0.5
0.614917361111111,0.5311575757575757,0.45,1.0,0.75
0.4883333333333335,0.6267066666666666,0.13333333333333333,1.0,0.0
1.0,0.48266444444444445,0.41250000000000003,1.0,0.25
0.25,0.09505333333333321,1.0,1.0,0.0
0.411112012987013,0.7059566666666666,0.49500000000000005,1.0,0.0
0.29166666666666674,0.4997983333333333,1.0,1.0,1.0
0.467348263888889,0.33466666666666667,0.49500000000000005,1.0,0.0
0.601579861111111,0.5449244444444444,0.41250000000000003,1.0,1.0
0.4863689393939395,0.6761372222222222,0.41250000000000003,1.0,1.0
0.4097198731501057,0.6324066666666667,0.41250000000000003,0.6666666666666666,0.5
0.5178356643356643,0.6191877777777778,0.41250000000000003,1.0,0.0
0.5,0.46740499999999996,0.41250000000000003,0.6666666666666666,1.0
0.32422291666666675,0.5599527777777777,0.41250000000000003,1.0,0.75
0.08333333333333348,0.10840722222222221,0.41250000000000003,1.0,0.75
0.5518159722222222,0.5545624242424242,0.45,1.0,1.0
0.5444696969696967,0.6666666666666666,0.0,0.6666666666666666,0.0
0.5,0.6534344444444444,0.41250000000000003,0.6666666666666666,0.25
0.417154513888889,0.6902693333333333,0.49500000000000005,0.6666666666666666,0.5
0.5,0.6666666666666666,0.0,0.3333333333333333,0.5
0.5,0.0,0.41250000000000003,0.6666666666666666,0.0
0.250565,0.5225677777777777,0.33333333333333337,1.0,1.0
0.6835875,0.5903038888888889,0.3375,0.6666666666666666,0.5
0.27272727272727276,0.664488148148148,0.55,0.6666666666666666,0.5
0.619988095238095,0.6666666666666666,0.0,0.6666666666666666,0.75
0.462865277777778,0.6389283333333333,0.1,0.6666666666666666,0.5
0.5,0.6666666666666666,0.0,0.3333333333333333,0.5
0.5,0.6583433333333333,0.37916666666666665,0.6666666666666666,1.0
0.5,0.6666666666666666,0.0,0.0,0.5
0.5,0.6424127272727272,0.45,0.3333333333333333,0.5
0.5,0.6666666666666666,0.0,0.3333333333333333,0.5
0.5,0.6596772222222221,0.23750000000000002,0.3333333333333333,0.5
0.981490909090909,0.6493722222222221,0.37916666666666665,0.6666666666666666,0.5
0.5365648148148148,0.6476466666666666,0.17500000000000002,0.6666666666666666,0.5
0.5,0.6666666666666666,0.0,0.3333333333333333,0.5
0.30797291666666676,0.5805377777777777,0.41250000000000003,1.0,0.25
0.4874386363636365,0.6736861111111111,0.41250000000000003,1.0,0.75
0.5,0.3325038888888889,0.23750000000000002,0.3333333333333333,0.5
0.5,0.6636133333333333,0.55,0.6666666666666666,1.0
0.49223106060606076,0.6666666666666666,0.0,0.6666666666666666,0.75
0.4023875,0.685825,0.23333333333333336,1.0,0.25
0.9972449999999999,0.5746344444444444,0.22083333333333335,0.6666666666666666,0.5
0.5,0.6666666666666666,0.0,0.3333333333333333,0.5
0.40430937499999997,0.6564377777777778,0.22916666666666666,1.0,0.25
0.5,0.6666666666666666,0.0,0.0,0.5
0.6947866666666664,0.6666666666666666,0.0,0.6666666666666666,0.5
0.8929819999999999,0.6672477777777778,0.05,1.0,0.25
0.5331971153846152,0.6666666666666666,0.0,0.3333333333333333,0.5
0.4520592885375495,0.6457115151515151,0.45,1.0,0.25
0.5,0.6666666666666666,0.0,0.0,0.5
0.5,0.67284,0.45,0.6666666666666666,0.75
0.5,0.6596238888888889,0.32916666666666666,0.3333333333333333,0.5
0.42277916666666676,0.6666666666666666,0.0,0.3333333333333333,0.5
0.30475790229885075,0.33009030303030296,0.45,1.0,0.0
0.5,0.6666666666666666,0.0,0.0,0.5
0.5,0.6547327777777777,0.41250000000000003,0.3333333333333333,0.5
0.5,0.518075,0.41250000000000003,0.6666666666666666,0.25
0.5,0.6666666666666666,0.0,0.0,0.5
0.5,0.6666666666666666,0.0,0.0,0.5
0.5,0.6666666666666666,0.0,0.0,0.5
0.5,0.5350793939393939,0.45,0.3333333333333333,0.5
0.5232270833333332,0.51904,0.41250000000000003,0.6666666666666666,0.5
0.5,0.6666666666666666,0.0,0.0,0.5
0.4026000000000003,0.6666666666666666,0.0,0.6666666666666666,0.25
0.44785387323943676,0.5912442424242424,0.45,1.0,0.25
0.38246666666666673,0.6668678787878788,0.45,0.6666666666666666,0.5
0.5,0.6666666666666666,0.0,0.3333333333333333,0.5
0.45915625,0.712275,0.41250000000000003,0.6666666666666666,0.5
0.5,0.6666666666666666,0.0,0.0,0.5
0.5121656746031745,0.7123157575757576,0.45,1.0,0.75
0.2500000000000003,0.6253541666666667,0.61875,0.6666666666666666,0.5
0.1913750000000003,0.5241966666666666,0.41250000000000003,0.6666666666666666,0.5
0.22765625000000028,0.6666666666666666,0.0,0.3333333333333333,0.5
0.5,0.6666666666666666,0.0,0.0,0.5
0.35094861111111125,0.6629466666666666,0.55,1.0,1.0
0.5,0.6656416666666666,0.41250000000000003,0.6666666666666666,1.0
0.6508679190751445,0.07307515151515154,0.45,1.0,1.0
0.5,0.647400606060606,0.45,0.6666666666666666,0.0
0.5,0.6666666666666666,0.0,0.0,0.5
0.5,0.46804277777777775,0.24583333333333335,0.6666666666666666,0.25
0.331584375,0.6957478787878787,0.2681818181818182,1.0,1.0
0.4796967213114755,0.7164486666666666,0.49500000000000005,0.6666666666666666,0.5
0.5,0.5878138888888889,0.17916666666666667,0.6666666666666666,0.0
0.475265277777778,0.6378048484848484,0.45,1.0,0.0
0.5,0.6666666666666666,0.0,0.0,0.5
0.5,0.5400033333333333,0.41250000000000003,0.6666666666666666,0.75
0.25207999999999997,0.5641555555555555,0.41250000000000003,0.6666666666666666,0.5
0.4000308333333335,0.5750884848484848,0.45,1.0,1.0
0.38201578282828297,0.6666666666666666,0.0,0.6666666666666666,0.75
0.5,0.6727125925925925,0.55,0.3333333333333333,0.5
0.5,0.4307455555555555,0.41250000000000003,0.6666666666666666,0.75
0.5,0.6659416666666667,0.41250000000000003,0.6666666666666666,1.0
0.5,0.6666666666666666,0.0,0.0,0.5
0.5,0.6666666666666666,0.0,0.3333333333333333,0.0
0.5,0.6666666666666666,0.0,0.3333333333333333,0.25
0.5937833333333332,0.5033693333333333,0.49500000000000005,1.0,0.75
0.38619097222222226,0.6664988888888889,0.41250000000000003,1.0,0.25
0.6874556818181817,0.6320515151515151,0.45,0.6666666666666666,0.5
0.5,0.6666666666666666,0.0,0.3333333333333333,0.5
0.45319912790697675,0.6666666666666666,0.0,0.6666666666666666,0.25
0.343,0.6666666666666666,0.0,0.6666666666666666,0.0
0.8439805555555555,0.6669133333333332,0.05,1.0,0.25
0.49315530303030325,0.4040116666666666,0.39166666666666666,0.6666666666666666,0.5
0.482209090909091,0.6552788888888889,0.41250000000000003,0.6666666666666666,0.5
0.5,0.6666666666666666,0.0,0.0,0.5
0.3484727272727275,0.6667444444444444,0.41250000000000003,1.0,1.0
0.5,0.6666666666666666,0.0,0.3333333333333333,0.5
0.5,0.5293,0.41250000000000003,0.6666666666666666,1.0
0.6401540492957745,0.75135,0.61875,1.0,0.75
0.5,0.49814518518518514,0.55,0.6666666666666666,0.5
0.0,0.4401858333333333,0.61875,1.0,0.0
0.41334722222222225,0.6544614814814814,0.55,1.0,0.0
0.2773958333333335,0.6666666666666666,0.0,0.3333333333333333,0.5
0.5143437499999998,0.4762944444444444,0.41250000000000003,0.6666666666666666,0.5
0.5,0.672626111111111,0.41250000000000003,0.6666666666666666,0.5
0.5,0.6668783333333334,0.05,0.6666666666666666,0.0
0.6707265151515149,0.6315648484848484,0.45,0.6666666666666666,0.5
0.476888888888889,0.5297716666666666,0.41250000000000003,1.0,0.0
0.5,0.8144607407407407,0.27222222222222225,0.6666666666666666,0.25
0.4372125,0.6614483333333333,0.41250000000000003,1.0,0.75
0.3787045454545455,0.6584690909090909,0.45,1.0,0.75
0.2678574218750003,0.6912327777777777,0.41250000000000003,0.6666666666666666,0.5
0.501925,0.710146111111111,0.41250000000000003,1.0,0.75
0.4417645833333335,0.6666666666666666,0.0,0.3333333333333333,0.5
0.5,0.3399266666666666,0.41250000000000003,0.3333333333333333,0.5
0.5,0.5227961111111111,0.39583333333333337,0.3333333333333333,0.5
0.4702125,0.6666666666666666,0.0,0.3333333333333333,0.5
0.5,0.6689618181818181,0.45,0.3333333333333333,0.5
0.5,0.6666666666666666,0.0,0.0,0.5
0.31547172619047625,0.46787,0.41250000000000003,1.0,0.0
0.23437865497076027,0.6666666666666666,0.0,0.6666666666666666,0.75
0.449545,0.6536839999999999,0.44500000000000006,1.0,0.75
0.5,0.29031833333333334,0.41250000000000003,0.3333333333333333,0.5
0.33033125,0.6525,0.49500000000000005,1.0,1.0
0.5,0.6606187878787878,0.45,0.3333333333333333,0.5
0.5,0.6509155555555556,0.41250000000000003,0.3333333333333333,0.5
0.5,0.6666666666666666,0.0,0.3333333333333333,1.0
0.446665348101266,0.6666666666666666,0.0,0.6666666666666666,0.25
0.6680734126984125,0.627335,0.41250000000000003,1.0,0.75
0.16114285714285725,0.5589772222222222,0.41250000000000003,1.0,0.75
0.5069638888888888,0.5254144444444444,0.41250000000000003,1.0,0.75
0.6681542207792208,0.6710666666666666,0.49500000000000005,0.6666666666666666,0.5
0.5075190417690417,0.49120055555555553,0.41250000000000003,1.0,0.25
0.5,0.6666666666666666,0.0,0.3333333333333333,0.5
0.6547272727272725,0.6661666666666667,0.05,0.6666666666666666,0.5
0.5,0.6666666666666666,0.0,0.0,0.5
0.5,0.6666666666666666,0.0,0.3333333333333333,0.5
0.273209090909091,0.5576955555555555,0.41250000000000003,1.0,0.5
0.5000308641975308,0.779575,0.41250000000000003,0.6666666666666666,0.5
0.48315972222222225,0.6958616666666666,0.41250000000000003,1.0,0.75
0.7066108695652172,0.6736727777777778,0.41250000000000003,0.6666666666666666,0.5
0.5,0.6666666666666666,0.0,0.0,0.5
0.5,0.5705811111111111,0.2916666666666667,0.6666666666666666,0.0
0.42919687500000026,0.9941466666666666,1.0,0.6666666666666666,0.5
0.2679583333333335,0.4753083333333333,0.41250000000000003,0.6666666666666666,0.5
0.5,0.6900205555555555,0.41250000000000003,0.6666666666666666,0.0
0.6923227272727273,0.6666666666666666,0.0,0.6666666666666666,1.0
0.6289119318181817,0.684162962962963,0.55,1.0,0.25
0.4875069444444445,0.5238283333333333,0.41250000000000003,1.0,0.0
0.5,0.6503111111111111,0.23750000000000002,0.3333333333333333,0.5
0.5,0.7077899999999999,0.49500000000000005,0.3333333333333333,0.5
0.4738222222222225,0.4390272222222222,0.41250000000000003,0.6666666666666666,0.5
0.2312854938271608,0.6633988888888889,0.41250000000000003,1.0,0.25
0.415351388888889,0.6666666666666666,0.0,0.3333333333333333,0.5
0.6122208333333332,0.5059321212121212,0.45,0.6666666666666666,0.5
0.5,0.7149205555555556,0.41250000000000003,0.6666666666666666,0.75
0.5,0.6666666666666666,0.0,0.0,0.5
0.5,0.5730633333333333,0.18333333333333335,0.3333333333333333,0.5
0.14632692307692302,0.6666666666666666,0.0,0.6666666666666666,0.75
0.14285714285714302,0.617745,0.41250000000000003,0.6666666666666666,0.5
0.5012881944444443,0.6066181818181817,0.45,0.6666666666666666,0.5
0.29166666666666674,0.48333399999999993,0.49500000000000005,0.6666666666666666,0.5
